INDEX,UTM_X,UTM_Y
0,248471.7262089988,3688249.714886872
1,248471.6476704008,3688249.584499189
2,248471.5687291377,3688249.452888712
3,248471.4897608753,3688249.320955751
4,248471.4108354039,3688249.188792651
5,248471.3325077515,3688249.05728407
6,248471.2545075599,3688248.926185244
7,248471.1765623284,3688248.795436868
8,248471.0991526869,3688248.665793204
9,248471.0213616391,3688248.535767025
10,248470.9433204386,3688248.404936142
11,248470.8642921645,3688248.271850926
12,248470.7783615899,3688248.124702289
13,248470.6864126303,3688247.957859678
14,248470.5997574643,3688247.789314525
15,248470.5338614213,3688247.657534999
16,248470.4593103844,3688247.533231341
17,248470.3678854179,3688247.380683452
18,248470.276062947,3688247.228633352
19,248470.1833208004,3688247.076143492
20,248470.0899120462,3688246.923622716
21,248469.9960604757,3688246.771369855
22,248469.902151245,3688246.619735766
23,248469.8083725427,3688246.468995267
24,248469.7141700034,3688246.318352582
25,248469.6195764397,3688246.167749449
26,248469.525170349,3688246.018262055
27,248469.430108499,3688245.86838497
28,248469.3352335788,3688245.719633651
29,248469.2396979249,3688245.570435294
30,248469.1437477238,3688245.420665449
31,248469.0477488679,3688245.270884819
32,248468.951807422,3688245.121314811
33,248468.8558497248,3688244.971680504
34,248468.7598820321,3688244.821671178
35,248468.6645107382,3688244.672466063
36,248468.5691279995,3688244.523070768
37,248468.4737137107,3688244.373445612
38,248468.3784686003,3688244.223653425
39,248468.2830047589,3688244.073063443
40,248468.1881994991,3688243.923363852
41,248468.0931717289,3688243.773179682
42,248467.9979447526,3688243.622512221
43,248467.9029885673,3688243.471974689
44,248467.8075802766,3688243.320451057
45,248467.7119524469,3688243.167977979
46,248467.6166514245,3688243.015389769
47,248467.5225218179,3688242.864128255
48,248467.4286897551,3688242.712719042
49,248467.3344073115,3688242.560014097
50,248467.2401909272,3688242.40645755
51,248467.1465299822,3688242.252791361
52,248467.0540247767,3688242.100143878
53,248466.9621718424,3688241.94771738
54,248466.8699682714,3688241.79371615
55,248466.7775495007,3688241.638243567
56,248466.6849946658,3688241.480473631
57,248466.5932632616,3688241.322094619
58,248466.5028265411,3688241.164321539
59,248466.4124630521,3688241.004559317
60,248466.3223834418,3688240.843143206
61,248466.2325182095,3688240.679120277
62,248466.1437650589,3688240.513799098
63,248466.0564524904,3688240.347255263
64,248465.97063665,3688240.17971451
65,248465.8863571649,3688240.0111389
66,248465.8035011269,3688239.840739421
67,248465.7225445802,3688239.669375014
68,248465.6438135281,3688239.497007254
69,248465.567052404,3688239.32325496
70,248465.4926660289,3688239.148140898
71,248465.4205860046,3688238.971838826
72,248465.3508544387,3688238.794658772
73,248465.283821462,3688238.616893566
74,248465.2192772778,3688238.438569536
75,248465.157214418,3688238.258998601
76,248465.0978185332,3688238.079083086
77,248465.0413941793,3688237.900250566
78,248464.9865453763,3688237.7192842
79,248464.9337730299,3688237.535767853
80,248464.8837619722,3688237.351152764
81,248464.8368049525,3688237.166231835
82,248464.7929542862,3688236.981426401
83,248464.7513339646,3688236.795040049
84,248464.7117489305,3688236.604681317
85,248464.6752149404,3688236.412991159
86,248464.6420902746,3688236.221053109
87,248464.6121111499,3688236.029533027
88,248464.5853371334,3688235.838341125
89,248464.5611152999,3688235.644552139
90,248464.5400669835,3688235.449150164
91,248464.5226315966,3688235.255831357
92,248464.5078320284,3688235.066634129
93,248464.4950214581,3688234.877690298
94,248464.4842742729,3688234.689223269
95,248464.475651714,3688234.500733454
96,248464.469120991,3688234.313521081
97,248464.4641018248,3688234.128317577
98,248464.4602968579,3688233.942498757
99,248464.457846059,3688233.755572142
100,248464.456832084,3688233.567611317
101,248464.4572532212,3688233.380859852
102,248464.4591527774,3688233.194624231
103,248464.4624092368,3688233.008083273
104,248464.4671692983,3688232.820896906
105,248464.4733296694,3688232.632977305
106,248464.4809092284,3688232.445567123
107,248464.4898536656,3688232.25881479
108,248464.5000288779,3688232.07217276
109,248464.5115800014,3688231.884337592
110,248464.5244394555,3688231.697762299
111,248464.5383437368,3688231.51230394
112,248464.553219808,3688231.326555877
113,248464.5690772443,3688231.141315366
114,248464.5858640716,3688230.956801547
115,248464.6032715417,3688230.774071657
116,248464.6213197747,3688230.591315783
117,248464.6399952746,3688230.409580899
118,248464.6587672938,3688230.23013917
119,248464.6774822891,3688230.051448501
120,248464.6960204413,3688229.87383792
121,248464.7144440766,3688229.696719973
122,248464.7327621667,3688229.519938052
123,248464.7510743038,3688229.342632229
124,248464.7694594377,3688229.16413238
125,248464.7881016355,3688228.983994276
126,248464.8068394014,3688228.803750591
127,248464.8257748752,3688228.623751676
128,248464.8449858808,3688228.44320449
129,248464.8643205186,3688228.263185581
130,248464.8836398723,3688228.084831817
131,248464.902973742,3688227.907308149
132,248464.9224690588,3688227.728770131
133,248464.941958534,3688227.550749545
134,248464.9614688014,3688227.372801854
135,248464.9808755935,3688227.195536181
136,248465.000229183,3688227.01862406
137,248465.0196249672,3688226.841140031
138,248465.038950266,3688226.664227608
139,248465.0584014412,3688226.48656034
140,248465.0780241104,3688226.309174265
141,248465.0978504847,3688226.131333732
142,248465.1178491795,3688225.95336154
143,248465.1380699535,3688225.774945257
144,248465.1585878952,3688225.596447364
145,248465.1793675501,3688225.41896669
146,248465.2006395863,3688225.241117593
147,248465.2223836248,3688225.063176294
148,248465.2443913684,3688224.886417124
149,248465.2668188198,3688224.709712053
150,248465.289681646,3688224.532855873
151,248465.3131270021,3688224.355272007
152,248465.3371416574,3688224.177156717
153,248465.3614870815,3688224.000100468
154,248465.386130024,3688223.82365594
155,248465.4107585472,3688223.648380711
156,248465.4353202019,3688223.473682934
157,248465.4599905372,3688223.2981963
158,248465.4846610855,3688223.122810186
159,248465.5093679281,3688222.947512011
160,248465.5342708075,3688222.771846346
161,248465.559438952,3688222.595382802
162,248465.5847619181,3688222.419139293
163,248465.6102640837,3688222.24298655
164,248465.635957921,3688222.0665771
165,248465.6618110473,3688221.890334433
166,248465.6879579331,3688221.713759006
167,248465.7144919658,3688221.536223779
168,248465.7414779494,3688221.358428783
169,248465.7688944353,3688221.180313245
170,248465.7965917073,3688221.002588518
171,248465.8246964398,3688220.824076254
172,248465.8531947672,3688220.645579087
173,248465.881958866,3688220.467789693
174,248465.9111008325,3688220.290469974
175,248465.9403893827,3688220.113738819
176,248465.9697805402,3688219.936648705
177,248465.9991991456,3688219.759517218
178,248466.0287062711,3688219.582011996
179,248466.0583654826,3688219.403946313
180,248466.0882012155,3688219.225398537
181,248466.1181649283,3688219.046781093
182,248466.148356067,3688218.868155389
183,248466.1787494948,3688218.690118276
184,248466.2096723655,3688218.511100248
185,248466.2414922652,3688218.329713947
186,248466.2746890581,3688218.147015009
187,248466.3090266,3688217.964563175
188,248466.3447093833,3688217.781939723
189,248466.3818537123,3688217.598889787
190,248466.42035559,3688217.416007265
191,248466.4640108227,3688217.234136925
192,248466.5087261788,3688217.053087074
193,248466.5545551238,3688216.872701846
194,248466.6014900452,3688216.693314563
195,248466.6497160821,3688216.514264052
196,248466.6993694812,3688216.334849352
197,248466.7504594581,3688216.155335519
198,248466.8024786778,3688215.977440745
199,248466.8556582898,3688215.799814482
200,248466.9099589889,3688215.622428894
201,248466.9649354376,3688215.446271654
202,248467.0207105051,3688215.271257087
203,248467.0772096637,3688215.096858894
204,248467.1344623338,3688214.922640561
205,248467.1922368424,3688214.74963828
206,248467.2504998577,3688214.577306201
207,248467.3095496483,3688214.404798587
208,248467.3693971502,3688214.232186753
209,248467.4296049862,3688214.060955011
210,248467.4903825095,3688213.890059536
211,248467.5516634322,3688213.719792271
212,248467.6133760629,3688213.550248598
213,248467.6754062451,3688213.381330232
214,248467.7381428071,3688213.211492813
215,248467.8017754625,3688213.040757593
216,248467.8652610367,3688212.872439201
217,248467.9284284244,3688212.705674542
218,248467.991579346,3688212.539467465
219,248468.0549452596,3688212.373129325
220,248468.1188672283,3688212.206224472
221,248468.1828842104,3688212.040025189
222,248468.247132906,3688211.874132609
223,248468.3116753359,3688211.708007238
224,248468.3766475255,3688211.54129673
225,248468.4411913407,3688211.375510646
226,248468.5056513498,3688211.209683148
227,248468.5701638619,3688211.043617144
228,248468.6343928616,3688210.87834436
229,248468.6987752998,3688210.712640018
230,248468.7628850762,3688210.547233549
231,248468.8266170779,3688210.382445982
232,248468.8905943775,3688210.216570129
233,248468.9543609874,3688210.050818185
234,248469.0174500165,3688209.88568421
235,248469.0803267217,3688209.719283788
236,248469.1428491268,3688209.552428777
237,248469.2053414851,3688209.384446973
238,248469.2679904297,3688209.21516991
239,248469.3302705687,3688209.046797724
240,248469.3926209615,3688208.877892339
241,248469.4550340283,3688208.708492076
242,248469.5173211444,3688208.539260321
243,248469.5797914308,3688208.369455407
244,248469.6426302053,3688208.199081399
245,248469.7054814791,3688208.029204967
246,248469.7681996825,3688207.85987514
247,248469.8310573889,3688207.6900812
248,248469.8941104788,3688207.519758293
249,248469.9575112879,3688207.348784142
250,248470.0207182787,3688207.178698746
251,248470.0833945167,3688207.009462852
252,248470.1457130054,3688206.840542919
253,248470.2076851722,3688206.671841795
254,248470.2695637511,3688206.502751879
255,248470.3312621159,3688206.333448841
256,248470.3936202207,3688206.162470024
257,248470.455844996,3688205.991999113
258,248470.5177431123,3688205.822339276
259,248470.579373904,3688205.652633906
260,248470.6407252733,3688205.482903376
261,248470.701967595,3688205.313082837
262,248470.7629536198,3688205.143665996
263,248470.8235524116,3688204.974774859
264,248470.8836471119,3688204.806080774
265,248470.9437773803,3688204.636824268
266,248471.0039623489,3688204.467569367
267,248471.0641071678,3688204.298563684
268,248471.1239317534,3688204.130643565
269,248471.1831782031,3688203.963851534
270,248471.2423465145,3688203.796040479
271,248471.3012944419,3688203.627670905
272,248471.3597469178,3688203.459809612
273,248471.4180323373,3688203.291330669
274,248471.4759562328,3688203.122738832
275,248471.5332774665,3688202.954199869
276,248471.590152054,3688202.78518514
277,248471.6463310131,3688202.616628927
278,248471.7022336195,3688202.447288648
279,248471.757706171,3688202.277683606
280,248471.8126246791,3688202.107860049
281,248471.8670817415,3688201.937485355
282,248471.9208114458,3688201.76748624
283,248471.9742529466,3688201.5965093
284,248472.026789738,3688201.426578098
285,248472.0788303495,3688201.256085096
286,248472.1299337916,3688201.086696567
287,248472.1800367516,3688200.918584351
288,248472.229751487,3688200.749767474
289,248472.2789535295,3688200.580272088
290,248472.3271170658,3688200.412041008
291,248472.3745965056,3688200.243159009
292,248472.42111264,3688200.075214481
293,248472.4668365807,3688199.907757212
294,248472.511994188,3688199.739673209
295,248472.5565046466,3688199.57203371
296,248472.5999182789,3688199.405269046
297,248472.6424909703,3688199.237877512
298,248472.6843018696,3688199.070562967
299,248472.7251327337,3688198.904408129
300,248472.7650848869,3688198.738645088
301,248472.8039447066,3688198.57337236
302,248472.8413415928,3688198.408499268
303,248472.877589488,3688198.242627776
304,248472.9125656957,3688198.076001716
305,248472.9461336012,3688197.909846504
306,248472.9781812248,3688197.744133695
307,248473.0085812105,3688197.57884705
308,248473.0375588761,3688197.413031936
309,248473.0649097747,3688197.247384225
310,248473.0905868286,3688197.080984076
311,248473.1147484422,3688196.914491926
312,248473.1373784897,3688196.749144753
313,248473.1586788874,3688196.58323351
314,248473.1785423002,3688196.416735745
315,248473.1973121479,3688196.249494862
316,248473.214481853,3688196.082921562
317,248473.2303880609,3688195.914381577
318,248473.245010861,3688195.744324876
319,248473.2580105015,3688195.573810376
320,248473.2694587357,3688195.403254188
321,248473.2799208619,3688195.231078658
322,248473.2889317434,3688195.058680803
323,248473.2969285794,3688194.886014545
324,248473.3038884222,3688194.713626229
325,248473.3095820938,3688194.542921388
326,248473.3140755559,3688194.371503512
327,248473.3175897372,3688194.199018932
328,248473.3200200601,3688194.028140452
329,248473.3213547026,3688193.855047884
330,248473.3217814488,3688193.681666381
331,248473.3211808929,3688193.509661128
332,248473.3195034158,3688193.337452716
333,248473.3170629082,3688193.164680384
334,248473.3137147281,3688192.991894781
335,248473.3094318266,3688192.818763769
336,248473.3044959381,3688192.646507501
337,248473.2987313252,3688192.473987192
338,248473.2922260856,3688192.300623259
339,248473.2850466422,3688192.12702579
340,248473.2771763419,3688191.953179189
341,248473.2688724531,3688191.781466923
342,248473.2597504292,3688191.608990685
343,248473.249703962,3688191.434778635
344,248473.2390350839,3688191.261321238
345,248473.2277460831,3688191.088164728
346,248473.2159487405,3688190.915538167
347,248473.203666189,3688190.743697479
348,248473.1910590662,3688190.573069789
349,248473.17799963,3688190.402408394
350,248473.1645280556,3688190.232403235
351,248473.1505372822,3688190.062271805
352,248473.1359940464,3688189.891724555
353,248473.1212496278,3688189.722790323
354,248473.106202871,3688189.553505813
355,248473.0907261933,3688189.382941251
356,248473.0747284385,3688189.210911745
357,248473.0581200424,3688189.039001718
358,248473.0409535518,3688188.867295349
359,248473.0232376583,3688188.694016469
360,248473.0053119974,3688188.521921824
361,248472.9869189296,3688188.348821605
362,248472.9680335438,3688188.174619963
363,248472.9487862382,3688188.000623123
364,248472.9292306894,3688187.826912628
365,248472.9096797886,3688187.654326059
366,248472.8900178524,3688187.482630105
367,248472.8697049014,3688187.309292342
368,248472.8489275142,3688187.135670633
369,248472.8281355027,3688186.964054897
370,248472.8069523033,3688186.792530761
371,248472.7853186837,3688186.620822232
372,248472.7630916852,3688186.447797436
373,248472.740513436,3688186.27525532
374,248472.7179347721,3688186.104878296
375,248472.6946625294,3688185.933553434
376,248472.6706583956,3688185.761687696
377,248472.6459109487,3688185.588333447
378,248472.6205902061,3688185.414371028
379,248472.5945325159,3688185.238926869
380,248472.5679076029,3688185.063564448
381,248472.5406519548,3688184.887617041
382,248472.5130330253,3688184.711337762
383,248472.4852870032,3688184.536068926
384,248472.4570696871,3688184.35926283
385,248472.4284218237,3688184.181128941
386,248472.3995373517,3688184.003197227
387,248472.3702456005,3688183.825832387
388,248472.3406827735,3688183.649037809
389,248472.3106713621,3688183.472090073
390,248472.2802714891,3688183.295285839
391,248472.2493962826,3688183.118047087
392,248472.2177398771,3688182.940942133
393,248472.1852900031,3688182.764324067
394,248472.1517556167,3688182.587320044
395,248472.1172048963,3688182.41018592
396,248472.0815192335,3688182.23218017
397,248472.0448413519,3688182.054268626
398,248472.0075807475,3688181.877533677
399,248471.9694533902,3688181.701248395
400,248471.9301136617,3688181.523629875
401,248471.889927255,3688181.346397088
402,248471.848846086,3688181.169675367
403,248471.8068915875,3688180.993254859
404,248471.7645644534,3688180.818478859
405,248471.7215434185,3688180.643852737
406,248471.6776328991,3688180.46973264
407,248471.6326902732,3688180.295699174
408,248471.5868534558,3688180.122183322
409,248471.5399714111,3688179.948631797
410,248471.492019677,3688179.775406638
411,248471.4431415444,3688179.602785476
412,248471.3932322064,3688179.430473701
413,248471.3423423959,3688179.258495508
414,248471.2903138945,3688179.086258016
415,248471.2371043115,3688178.914101231
416,248471.1828522616,3688178.742307474
417,248471.12743329,3688178.570525171
418,248471.0711363452,3688178.398823442
419,248471.0139474994,3688178.226700501
420,248470.9566511222,3688178.056538868
421,248470.8985233811,3688177.886366804
422,248470.8395654425,3688177.716175292
423,248470.7798712341,3688177.546123485
424,248470.719526939,3688177.376252813
425,248470.6593830326,3688177.208595822
426,248470.5993596939,3688177.042941647
427,248470.5387302031,3688176.877755459
428,248470.4773745391,3688176.712359798
429,248470.4152426149,3688176.54680946
430,248470.3525803617,3688176.381795169
431,248470.2890840144,3688176.216684911
432,248470.2249786752,3688176.051904091
433,248470.1602230573,3688175.887267251
434,248470.0949501905,3688175.72219428
435,248470.0286469609,3688175.555382792
436,248469.9620527435,3688175.388483991
437,248469.8958029817,3688175.223117487
438,248469.8294382739,3688175.058301151
439,248469.7628728134,3688174.893792721
440,248469.6960117701,3688174.729396383
441,248469.6260156203,3688174.56861506
442,248469.5561891802,3688174.408978738
443,248469.486595353,3688174.250671898
444,248469.4171074613,3688174.093569608
445,248469.347349634,3688173.936856446
446,248469.2771948069,3688173.780338963
447,248469.206857399,3688173.624404382
448,248469.1368356363,3688173.470202608
449,248469.0669868091,3688173.31724635
450,248468.9973848529,3688173.165716189
451,248468.9268960579,3688173.012857059
452,248468.8559481662,3688172.859994672
453,248468.7852251132,3688172.708788639
454,248468.7143018344,3688172.557475543
455,248468.6438278781,3688172.407092639
456,248468.5732797606,3688172.256545155
457,248468.5021101592,3688172.104685511
458,248468.4307381062,3688171.952506446
459,248468.3599710209,3688171.801871607
460,248468.2889459034,3688171.650678639
461,248468.2184997535,3688171.50056093
462,248468.148910765,3688171.352056768
463,248468.0793151314,3688171.20348438
464,248468.0095653364,3688171.054632993
465,248467.9401802834,3688170.907313607
466,248467.8704070046,3688170.7601208
467,248467.8003513064,3688170.613020123
468,248467.7300183179,3688170.466009865
469,248467.6593241359,3688170.319117413
470,248467.58833247,3688170.172302832
471,248467.5172516105,3688170.025387509
472,248467.4461054284,3688169.878398348
473,248467.3748872141,3688169.731327799
474,248467.3035956772,3688169.58417438
475,248467.2322347855,3688169.436942573
476,248467.1607891196,3688169.28961496
477,248467.0892453569,3688169.142176508
478,248467.01761682,3688168.994642218
479,248466.9459189283,3688168.847029605
480,248466.8741476817,3688168.69933409
481,248466.8023044352,3688168.551557186
482,248466.7303673499,3688168.403674283
483,248466.6583312647,3688168.255807735
484,248466.5853620826,3688168.106546476
485,248466.5121658683,3688167.957374025
486,248466.4379262346,3688167.806594959
487,248466.3630224074,3688167.65492396
488,248466.2878264189,3688167.503159476
489,248466.2126241401,3688167.351723894
490,248466.1367207645,3688167.198977346
491,248466.0608118405,3688167.046279669
492,248465.9845105294,3688166.892867216
493,248465.9074935087,3688166.738223185
494,248465.8301619718,3688166.583426668
495,248465.7527734994,3688166.428928475
496,248465.6744643173,3688166.27296841
497,248465.5964652321,3688166.117831893
498,248465.5176048242,3688165.961510281
499,248465.4384853196,3688165.805353248
500,248465.3588735569,3688165.649160829
501,248465.2794351491,3688165.494052635
502,248465.2001394186,3688165.34057528
503,248465.1196171721,3688165.186143764
504,248465.0377715707,3688165.030611796
505,248464.9555662596,3688164.875406215
506,248464.8731634001,3688164.720753699
507,248464.7907744439,3688164.56721586
508,248464.7086754231,3688164.415412506
509,248464.6265899507,3688164.264679376
510,248464.5436031235,3688164.113255344
511,248464.4594844253,3688163.960628408
512,248464.3747004368,3688163.807462215
513,248464.2903060612,3688163.655888828
514,248464.2064331372,3688163.506021569
515,248464.1232599874,3688163.357652956
516,248464.0401372892,3688163.209597924
517,248463.956777333,3688163.061699891
518,248463.8723940864,3688162.913464053
519,248463.7871760979,3688162.765280698
520,248463.7022381094,3688162.618833408
521,248463.6166539274,3688162.472780375
522,248463.5303286808,3688162.327031117
523,248463.4429104343,3688162.181157827
524,248463.3546155426,3688162.035507892
525,248463.2666624896,3688161.891592408
526,248463.1791172753,3688161.749509601
527,248463.0912758997,3688161.608325763
528,248463.0025097822,3688161.466934086
529,248462.9133802776,3688161.325926472
530,248462.8232258052,3688161.183849988
531,248462.7328274296,3688161.041982214
532,248462.641779925,3688160.89958573
533,248462.549931001,3688160.756316052
534,248462.4583524964,3688160.613526568
535,248462.3673109272,3688160.471742793
536,248462.2758005194,3688160.329492181
537,248462.1832908212,3688160.185894503
538,248462.0898680263,3688160.041344181
539,248461.99548907,3688159.895939697
540,248461.9001838557,3688159.7496946
541,248461.8039895124,3688159.602943793
542,248461.7064277819,3688159.45801489
543,248461.6063600515,3688159.318474277
544,248461.5023051275,3688159.182846245
545,248461.3959481713,3688159.04710776
546,248461.2878472473,3688158.910836568
547,248461.1792176781,3688158.775256503
548,248461.0701665283,3688158.640328987
549,248460.9608495721,3688158.505816018
550,248460.8518726804,3688158.372554341
551,248460.7415879177,3688158.238265244
552,248460.6311967034,3688158.104241212
553,248460.5211788439,3688157.970802115
554,248460.4110817264,3688157.837019954
555,248460.3011328347,3688157.703218212
556,248460.190433072,3688157.567968664
557,248460.0796942771,3688157.432303437
558,248459.9694690627,3688157.296951405
559,248459.8594459452,3688157.161473825
560,248459.749731376,3688157.025946566
561,248459.640658194,3688156.890483309
562,248459.5325516571,3688156.755624179
563,248459.4249965718,3688156.620791921
564,248459.317447422,3688156.485113501
565,248459.2091534335,3688156.348540824
566,248459.1008657676,3688156.212212695
567,248458.9925846178,3688156.076136049
568,248458.8843105648,3688155.940333468
569,248458.7758405763,3688155.80436263
570,248458.66796562,3688155.669289468
571,248458.5600848573,3688155.534226791
572,248458.4527511914,3688155.39983121
573,248458.3463468158,3688155.263880887
574,248458.2422673434,3688155.12310021
575,248458.1412619356,3688154.97769521
576,248458.0412815923,3688154.831177629
577,248457.941824636,3688154.684042113
578,248457.8423618088,3688154.536311983
579,248457.7433184655,3688154.388474629
580,248457.6452086382,3688154.24089508
581,248457.546975553,3688154.09203137
582,248457.4492469838,3688153.942685402
583,248457.3517832534,3688153.792967951
584,248457.2543711681,3688153.643111016
585,248457.1576875667,3688153.494166435
586,248457.0611026105,3688153.345204338
587,248456.9646138478,3688153.19642124
588,248456.8674800851,3688153.046746789
589,248456.7701690644,3688152.896666306
590,248456.6735009146,3688152.747355047
591,248456.5767240874,3688152.597916595
592,248456.479613873,3688152.448406144
593,248456.3819601749,3688152.298452338
594,248456.2834139606,3688152.147985628
595,248456.1847859398,3688151.998535853
596,248456.0859463061,3688151.849221014
597,248455.9862630596,3688151.699071498
598,248455.8858362646,3688151.548236304
599,248455.7848721149,3688151.397154659
600,248455.6839613522,3688151.246637433
601,248455.5831886863,3688151.096657724
602,248455.4829461816,3688150.947799982
603,248455.3821507416,3688150.798594143
604,248455.2810553014,3688150.649437174
605,248455.1790511516,3688150.499520433
606,248455.0763278728,3688150.349156658
607,248454.974394465,3688150.20045253
608,248454.8732034119,3688150.053327691
609,248454.7719239396,3688149.906664659
610,248454.6701274995,3688149.759863562
611,248454.5686697368,3688149.613880626
612,248454.4670663934,3688149.468067336
613,248454.3661930501,3688149.323680788
614,248454.2660776745,3688149.180759401
615,248454.1658592022,3688149.03788253
616,248454.0654912136,3688148.894868691
617,248453.9652851284,3688148.751958434
618,248453.8660148496,3688148.610340336
619,248453.7674177966,3688148.469613336
620,248453.6692147435,3688148.329576755
621,248453.571242626,3688148.19005269
622,248453.4733814762,3688148.050882981
623,248453.3756638425,3688147.912328271
624,248453.2779946927,3688147.774582916
625,248453.1809997365,3688147.638060755
626,248453.0842469092,3688147.502007722
627,248452.9881962756,3688147.367066754
628,248452.8929102871,3688147.233317464
629,248452.7977312663,3688147.09987256
630,248452.7028093101,3688146.967082334
631,248452.6077422893,3688146.834781818
632,248452.5121453008,3688146.702374431
633,248452.4157455059,3688146.56955485
634,248452.3194736464,3688146.437589108
635,248452.2237034966,3688146.306942591
636,248452.1275427984,3688146.176536269
637,248452.0314628099,3688146.046957656
638,248451.9347200795,3688145.917205882
639,248451.8376519943,3688145.787651688
640,248451.7407617799,3688145.659034913
641,248451.6442547592,3688145.531751591
642,248451.5471612223,3688145.404632365
643,248451.4497271693,3688145.27825901
644,248451.3514260195,3688145.151760397
645,248451.2525719665,3688145.025527204
646,248451.1527973974,3688144.89941872
647,248451.0530298928,3688144.774420462
648,248450.9534851946,3688144.651054816
649,248450.8523805287,3688144.526983816
650,248450.7494874434,3688144.402248817
651,248450.6458869065,3688144.278362526
652,248450.5401924986,3688144.153912236
653,248450.4342242521,3688144.030964203
654,248450.3279225539,3688143.909176171
655,248450.2203664686,3688143.787368462
656,248450.1114552543,3688143.665327881
657,248450.0009896529,3688143.543076784
658,248449.8902350192,3688143.421816461
659,248449.7786866113,3688143.30100788
660,248449.6669132035,3688143.181445913
661,248449.555018344,3688143.062918623
662,248449.4423644523,3688142.94447188
663,248449.3289075283,3688142.825910364
664,248449.215164056,3688142.707684654
665,248449.1016257772,3688142.590285816
666,248448.9877601758,3688142.47316017
667,248448.8742409292,3688142.357096751
668,248448.7608710697,3688142.241801492
669,248448.6465874361,3688142.126139073
670,248448.5313652218,3688142.01002546
671,248448.4157102978,3688141.894001653
672,248448.3001116319,3688141.778554234
673,248448.1840449337,3688141.66314317
674,248448.0681524291,3688141.548504783
675,248447.9521945696,3688141.434304751
676,248447.8350257424,3688141.319319008
677,248447.7182579152,3688141.205218717
678,248447.6011138299,3688141.091024427
679,248447.4839316479,3688140.977072621
680,248447.3673126916,3688140.864055911
681,248447.2516661225,3688140.752242105
682,248447.1361476824,3688140.640383007
683,248447.0212744359,3688140.528936943
684,248446.906176157,3688140.416967814
685,248446.791059233,3688140.304495039
686,248446.6773000832,3688140.192893588
687,248446.5643515786,3688140.081576491
688,248446.4526286223,3688139.970826652
689,248446.3411015048,3688139.859716555
690,248446.2294151937,3688139.747794878
691,248446.1179307213,3688139.635480071
692,248446.0065761199,3688139.522777586
693,248445.8965212927,3688139.410834877
694,248445.7870987236,3688139.299048748
695,248445.6780517351,3688139.187272716
696,248445.5691372304,3688139.075289135
697,248445.459985629,3688138.962662457
698,248445.3509666083,3688138.849880168
699,248445.242014523,3688138.737042684
700,248445.1343077926,3688138.625313361
701,248445.0271707073,3688138.514022135
702,248444.9203424608,3688138.402912361
703,248444.8135836013,3688138.291756941
704,248444.7065104515,3688138.180156458
705,248444.5986635275,3688138.067600748
706,248444.4905334745,3688137.95456107
707,248444.3835974215,3688137.842516264
708,248444.277200175,3688137.73086407
709,248444.1710257348,3688137.619373231
710,248444.0637017463,3688137.50663778
711,248443.9558076288,3688137.393259263
712,248443.8470827048,3688137.279030619
713,248443.7384804905,3688137.164918167
714,248443.6304042439,3688137.051328521
715,248443.5224019329,3688136.937926683
716,248443.4143979443,3688136.824829005
717,248443.3052749881,3688136.710868876
718,248443.1955894512,3688136.596627586
719,248443.0854527531,3688136.482207618
720,248442.9751124097,3688136.367846038
721,248442.8649226148,3688136.253963295
722,248442.7545222069,3688136.140134715
723,248442.6439836378,3688136.026373392
724,248442.5321351331,3688135.911460585
725,248442.4197291446,3688135.796063295
726,248442.3071555432,3688135.680394778
727,248442.1946336838,3688135.564702488
728,248442.0825520179,3688135.449398294
729,248441.9705446422,3688135.333989971
730,248441.8586659118,3688135.218391326
731,248441.7457809233,3688135.101384294
732,248441.6325721284,3688134.983630456
733,248441.519331785,3688134.865347036
734,248441.406267732,3688134.74680081
735,248441.2937887435,3688134.628359649
736,248441.1823593679,3688134.510527391
737,248441.0714738632,3688134.392851746
738,248440.9597131973,3688134.273780971
739,248440.8476484669,3688134.153886359
740,248440.7354907365,3688134.033315552
741,248440.6245975867,3688133.913533295
742,248440.5144013079,3688133.793891327
743,248440.4051649967,3688133.674587358
744,248440.2959280405,3688133.554683132
745,248440.1863143423,3688133.433664196
746,248440.07681887,3688133.31191397
747,248439.9675979782,3688133.189341035
748,248439.8597377962,3688133.067171196
749,248439.7527066787,3688132.944776131
750,248439.6463981741,3688132.822043938
751,248439.5405499275,3688132.698765777
752,248439.4348648422,3688132.574412615
753,248439.3298761118,3688132.449619453
754,248439.2258102201,3688132.324653485
755,248439.1224960702,3688132.198930969
756,248439.0204584688,3688132.073521453
757,248438.91941619,3688131.948346518
758,248438.8181962338,3688131.821845582
759,248438.7171490518,3688131.693989646
760,248438.6171371278,3688131.564861259
761,248438.5179535264,3688131.434217259
762,248438.4202678282,3688131.302729581
763,248438.3240660655,3688131.170792065
764,248438.2292424641,3688131.037619839
765,248438.1362137982,3688130.902065033
766,248438.0452871968,3688130.764456065
767,248437.9564890471,3688130.624696
768,248437.8698132844,3688130.483414742
769,248437.786372683,3688130.340653323
770,248437.7069008558,3688130.197153129
771,248437.6310841576,3688130.053270065
772,248437.558576911,3688129.908097645
773,248437.4896874709,3688129.761909322
774,248437.4244558372,3688129.615047355
775,248437.3627791068,3688129.466256548
776,248437.3057065699,3688129.316877806
777,248437.2534020653,3688129.166890902
778,248437.2053600768,3688129.016751451
779,248437.1613581528,3688128.865537968
780,248437.1216972611,3688128.713541129
781,248437.0863576919,3688128.561103193
782,248437.055462026,3688128.406971677
783,248437.0297690697,3688128.252687806
784,248437.0091430812,3688128.098247644
785,248436.9929214476,3688127.943678064
786,248436.9822447816,3688127.789964354
787,248436.9761800189,3688127.635622386
788,248436.9745693208,3688127.480823257
789,248436.9786076549,3688127.325759483
790,248436.9883486664,3688127.171332741
791,248437.0033284521,3688127.017909417
792,248437.0232469474,3688126.865994805
793,248437.0484251202,3688126.715359031
794,248437.0785578091,3688126.56518774
795,248437.11337124,3688126.416338482
796,248437.1526296708,3688126.26863074
797,248437.1963261985,3688126.122594482
798,248437.2447497906,3688125.978765805
799,248437.2973290279,3688125.836744869
800,248437.3539861362,3688125.696972579
801,248437.4136583413,3688125.558250643
802,248437.4762028367,3688125.420227256
803,248437.5422988804,3688125.282530095
804,248437.6116699564,3688125.145792385
805,248437.6842504841,3688125.010210707
806,248437.7595561408,3688124.877221933
807,248437.8375567006,3688124.746006223
808,248437.9177219702,3688124.616201643
809,248438.0000153043,3688124.487440094
810,248438.0850571545,3688124.359432352
811,248438.1725942951,3688124.232801319
812,248438.2626965324,3688124.10777432
813,248438.3546352213,3688123.985718384
814,248438.4486387811,3688123.865696223
815,248438.5444477926,3688123.747091803
816,248438.642084288,3688123.629566093
817,248438.7421719124,3688123.512890416
818,248438.8455774077,3688123.397221286
819,248438.9518646128,3688123.283311319
820,248439.0597348178,3688123.172514931
821,248439.1693317003,3688123.064201899
822,248439.2802451634,3688122.958031867
823,248439.3940220781,3688122.852918222
824,248439.5100953154,3688122.74956448
825,248439.6289270688,3688122.648766093
826,248439.7491962094,3688122.550720674
827,248439.8707383177,3688122.456180964
828,248439.9936502002,3688122.364627738
829,248440.1174319859,3688122.275765834
830,248440.243424449,3688122.188872802
831,248440.3721072669,3688122.104635609
832,248440.5025732139,3688122.023775964
833,248440.6340659351,3688121.94617606
834,248440.7661170757,3688121.872632609
835,248440.8989148613,3688121.802610576
836,248441.0338744212,3688121.735508577
837,248441.1718803682,3688121.671139028
838,248441.3126494442,3688121.61051435
839,248441.4561534235,3688121.553700027
840,248441.6006593059,3688121.500405123
841,248441.7470510594,3688121.451447704
842,248441.8958518128,3688121.406336221
843,248442.0467761791,3688121.365326092
844,248442.2003792229,3688121.328096285
845,248442.3546491699,3688121.294612382
846,248442.5094351169,3688121.264913801
847,248442.6662649993,3688121.239080382
848,248442.8248861076,3688121.218033704
849,248442.9827107965,3688121.2016888
850,248443.1397672597,3688121.188901672
851,248443.297340626,3688121.179359898
852,248443.4552864439,3688121.173200252
853,248443.6134330683,3688121.170312736
854,248443.7714995637,3688121.17158751
855,248443.9293963494,3688121.176767349
856,248444.0864227157,3688121.185373671
857,248444.2435214369,3688121.196772219
858,248444.4006999,3688121.211248864
859,248444.5579596212,3688121.2288608
860,248444.7152961166,3688121.249436445
861,248444.8727265152,3688121.2736358
862,248445.0288791074,3688121.301085509
863,248445.1841408608,3688121.331251895
864,248445.3389649691,3688121.363789153
865,248445.4934948838,3688121.398920959
866,248445.6478897985,3688121.436678669
867,248445.800587552,3688121.477078314
868,248445.9520059506,3688121.520366443
869,248446.102454704,3688121.56642512
870,248446.2508155543,3688121.614988507
871,248446.4000560496,3688121.6668607
872,248446.5469416095,3688121.720871507
873,248446.6925349113,3688121.777896152
874,248446.8373627292,3688121.837373056
875,248446.9808063214,3688121.899720958
876,248447.12461772,3688121.965322732
877,248447.2675687314,3688122.0330837
878,248447.408277743,3688122.10270683
879,248447.5472276254,3688122.174778346
880,248447.6863249595,3688122.249858636
881,248447.8244223581,3688122.327261345
882,248447.9622191115,3688122.408152152
883,248448.0985053488,3688122.491201958
884,248448.2334734571,3688122.5764197
885,248448.3670662105,3688122.664561571
886,248448.4997726091,3688122.756174539
887,248448.6301735884,3688122.849978378
888,248448.7596509547,3688122.947664152
889,248448.886919063,3688123.047562571
890,248449.0118518165,3688123.149567152
891,248449.1353877634,3688123.254969539
892,248449.2562692911,3688123.363105732
893,248449.3747192058,3688123.474675345
894,248449.4905788302,3688123.588088313
895,248449.6045097127,3688123.704007732
896,248449.7161582404,3688123.822317441
897,248449.8253429615,3688123.942729925
898,248449.9326961988,3688124.066317829
899,248450.0371363716,3688124.192148893
900,248450.138211867,3688124.319353151
901,248450.2367871043,3688124.447684441
902,248450.3319941158,3688124.576844376
903,248450.4254727724,3688124.707999377
904,248450.5157618485,3688124.839988408
905,248450.6030239567,3688124.97355957
906,248450.6876907102,3688125.107870763
907,248450.7697475603,3688125.242656667
908,248450.850253217,3688125.378508022
909,248450.9294703576,3688125.515891215
910,248451.0064005304,3688125.654008699
911,248451.0807017999,3688125.792060925
912,248451.1544994566,3688125.931838054
913,248451.2265235971,3688126.071546312
914,248451.2978704796,3688126.212143505
915,248451.3683288137,3688126.353194118
916,248451.437215922,3688126.494059796
917,248451.5044919012,3688126.634204215
918,248451.5716374611,3688126.774428279
919,248451.6382873758,3688126.914166505
920,248451.7050271938,3688127.054532634
921,248451.7716893988,3688127.195422827
922,248451.8373372168,3688127.335136504
923,248451.9024578735,3688127.474356859
924,248451.9674514656,3688127.612507569
925,248452.0328158319,3688127.75081902
926,248452.0988368112,3688127.889812246
927,248452.1652122743,3688128.02897444
928,248452.2318425116,3688128.168319666
929,248452.2980943296,3688128.306384891
930,248452.364338954,3688128.444048665
931,248452.4307158042,3688128.581685117
932,248452.4973308802,3688128.719561278
933,248452.5644402143,3688128.858206665
934,248452.6318110645,3688128.997108213
935,248452.6994387535,3688129.136272923
936,248452.7666905714,3688129.274255536
937,248452.8338248409,3688129.411863213
938,248452.9008029815,3688129.549365794
939,248452.9677638962,3688129.687039181
940,248453.0349375206,3688129.825405825
941,248453.1021968224,3688129.963948406
942,248453.169727963,3688130.102673567
943,248453.2368052003,3688130.240120696
944,248453.3037987601,3688130.377201437
945,248453.3707821587,3688130.51434376
946,248453.4378945573,3688130.651804147
947,248453.505413214,3688130.790119276
948,248453.5731228384,3688130.92867805
949,248453.641110366,3688131.067323824
950,248453.7086054743,3688131.204661985
951,248453.7761125503,3688131.341461856
952,248453.843886078,3688131.477976565
953,248453.9120417024,3688131.614486759
954,248453.9808980042,3688131.751466824
955,248454.0500937576,3688131.888464856
956,248454.1194875111,3688132.025557049
957,248454.1883625871,3688132.161319823
958,248454.257191405,3688132.296572404
959,248454.3262184811,3688132.431626339
960,248454.3955546538,3688132.566757823
961,248454.4654870202,3688132.70245992
962,248454.5357061284,3688132.838304113
963,248454.6061191077,3688132.974413081
964,248454.6760550869,3688133.109342565
965,248454.74590455,3688133.243929372
966,248454.8158143357,3688133.378490694
967,248454.8859028633,3688133.513293274
968,248454.9564281974,3688133.648866597
969,248455.027146338,3688133.784631758
970,248455.0980539301,3688133.920491307
971,248455.1684805868,3688134.055020467
972,248455.2387054692,3688134.189043435
973,248455.3087001581,3688134.322878886
974,248455.3786159438,3688134.456801919
975,248455.4486840521,3688134.591307048
976,248455.5186591281,3688134.725964145
977,248455.5885589783,3688134.860892951
978,248455.657652893,3688134.994650822
979,248455.7263061304,3688135.12817437
980,248455.7945970773,3688135.261939144
981,248455.8626924437,3688135.39618137
982,248455.9308119068,3688135.531454789
983,248455.9989283054,3688135.66727866
984,248456.0674156717,3688135.803688434
985,248456.1354491349,3688135.93928766
986,248456.2035945334,3688136.074858498
987,248456.2721614804,3688136.210649821
988,248456.3412611693,3688136.346904401
989,248456.411252826,3688136.4841824
990,248456.4818382246,3688136.622099529
991,248456.5530031394,3688136.76085798
992,248456.6239661509,3688136.8990034
993,248456.695244743,3688137.037325368
994,248456.7670923352,3688137.176032658
995,248456.839603766,3688137.315369432
996,248456.9131527453,3688137.455951367
997,248456.9873846277,3688137.597260399
998,248457.0621855424,3688137.739335916
999,248457.1368191669,3688137.880677045
1000,248457.211724759,3688138.022231819
1001,248457.2870636415,3688138.16443069
1002,248457.3629378465,3688138.307493561
1003,248457.4396919548,3688138.452070175
1004,248457.5169824824,3688138.597537852
1005,248457.5946987197,3688138.743765562
1006,248457.6721220861,3688138.889307111
1007,248457.7496746137,3688139.034946789
1008,248457.8275093349,3688139.180894434
1009,248457.9057367658,3688139.327398401
1010,248457.9846702288,3688139.47505811
1011,248458.0639770468,3688139.623131788
1012,248458.1435490905,3688139.771297917
1013,248458.2226847472,3688139.918132497
1014,248458.3015712104,3688140.064429077
1015,248458.3800098993,3688140.210458497
1016,248458.4581854269,3688140.356504787
1017,248458.5363262771,3688140.503054755
1018,248458.6150726757,3688140.650623593
1019,248458.6943679453,3688140.798553979
1020,248458.7730866664,3688140.945054559
1021,248458.8516319683,3688141.090650753
1022,248458.9300923668,3688141.235300818
1023,248459.0095687977,3688141.380749817
1024,248459.0896067124,3688141.526168559
1025,248459.1704550465,3688141.671493623
1026,248459.2513248967,3688141.815718366
1027,248459.3319126824,3688141.958178882
1028,248459.412587081,3688142.099383623
1029,248459.4934198667,3688142.239322075
1030,248459.5753093298,3688142.379383849
1031,248459.6576902123,3688142.518838946
1032,248459.7402793851,3688142.657548076
1033,248459.8229016224,3688142.795302979
1034,248459.9052705049,3688142.931444656
1035,248459.9877411293,3688143.066593945
1036,248460.0703893343,3688143.20088743
1037,248460.1540680232,3688143.335749914
1038,248460.2382930993,3688143.470407043
1039,248460.3228775946,3688143.604654333
1040,248460.4076377352,3688143.738255074
1041,248460.4923183596,3688143.870600558
1042,248460.5772638549,3688144.002430751
1043,248460.6625473826,3688144.134072751
1044,248460.7490049102,3688144.26692917
1045,248460.8362736636,3688144.400120106
1046,248460.9243390299,3688144.53322817
1047,248461.0129765576,3688144.666009299
1048,248461.1019894401,3688144.797944943
1049,248461.1907437742,3688144.928513556
1050,248461.279277205,3688145.058391492
1051,248461.3687882488,3688145.189296847
1052,248461.458781099,3688145.320607363
1053,248461.5490557879,3688145.452176943
1054,248461.6384889284,3688145.582338944
1055,248461.7275529077,3688145.711860234
1056,248461.8160023385,3688145.840791782
1057,248461.9046154468,3688145.970177589
1058,248461.9937370067,3688146.100537749
1059,248462.0829255666,3688146.231497749
1060,248462.1720140297,3688146.363211105
1061,248462.2600974606,3688146.494346653
1062,248462.3477463753,3688146.625587943
1063,248462.4352449674,3688146.757064943
1064,248462.5227653015,3688146.889013814
1065,248462.6106060227,3688147.021986169
1066,248462.6986005181,3688147.15540575
1067,248462.7869764651,3688147.289155202
1068,248462.874817154,3688147.421869685
1069,248462.962657359,3688147.554275944
1070,248463.0506942092,3688147.686568846
1071,248463.1390810595,3688147.81901375
1072,248463.2281901032,3688147.952109233
1073,248463.3177078244,3688148.085230169
1074,248463.4076655133,3688148.218178137
1075,248463.4971384603,3688148.34959175
1076,248463.5865599879,3688148.480318168
1077,248463.6759588059,3688148.610768233
1078,248463.7655170432,3688148.741205684
1079,248463.8555944095,3688148.872073459
1080,248463.946632292,3688149.003836426
1081,248464.0382098841,3688149.135889813
1082,248464.129070573,3688149.266588426
1083,248464.2197252942,3688149.396535523
1084,248464.3103689831,3688149.525883555
1085,248464.4022069624,3688149.656196265
1086,248464.494652361,3688149.786756393
1087,248464.5874447919,3688149.917603942
1088,248464.6811642227,3688150.049548361
1089,248464.7742076213,3688150.180341071
1090,248464.8669155038,3688150.310218458
1091,248464.960402225,3688150.440329039
1092,248465.0547726558,3688150.570885587
1093,248465.1501697318,3688150.701848781
1094,248465.2455866788,3688150.831866587
1095,248465.3414350451,3688150.961537651
1096,248465.4372199276,3688151.090001522
1097,248465.5328965843,3688151.217544554
1098,248465.6290081441,3688151.345334942
1099,248465.7257198331,3688151.473543135
1100,248465.8227829413,3688151.601673554
1101,248465.9197719206,3688151.729181715
1102,248466.0171438998,3688151.856671198
1103,248466.1143352984,3688151.983322102
1104,248466.2114323422,3688152.109457714
1105,248466.309235644,3688152.23637065
1106,248466.4078053652,3688152.364145585
1107,248466.5067389896,3688152.492260715
1108,248466.6056014527,3688152.620168134
1109,248466.7048599804,3688152.748460392
1110,248466.8039391854,3688152.876390843
1111,248466.9021612937,3688153.003191455
1112,248467.0008098213,3688153.130569037
1113,248467.0999845102,3688153.258761714
1114,248467.1990361669,3688153.38714794
1115,248467.2976966623,3688153.515355133
1116,248467.3953474157,3688153.642646457
1117,248467.4923634272,3688153.769429231
1118,248467.5887990194,3688153.89537807
1119,248467.6848224502,3688154.020717069
1120,248467.7815018811,3688154.147184456
1121,248467.8790503119,3688154.275450972
1122,248467.9763918718,3688154.403985004
1123,248468.0736325285,3688154.532944811
1124,248468.1703737013,3688154.661938197
1125,248468.2675689063,3688154.792278488
1126,248468.3647164017,3688154.923261875
1127,248468.4622192519,3688155.055535939
1128,248468.5601474569,3688155.189170745
1129,248468.6578615975,3688155.323314293
1130,248468.7555879315,3688155.457890745
1131,248468.8530800721,3688155.592525487
1132,248468.9511943416,3688155.728351486
1133,248469.0495385144,3688155.864864389
1134,248469.1480337517,3688156.001962809
1135,248469.2464765052,3688156.13958297
1136,248469.3438282263,3688156.276441583
1137,248469.440800754,3688156.413534937
1138,248469.5374360881,3688156.550902034
1139,248469.6345333899,3688156.68964284
1140,248469.7311365304,3688156.828382388
1141,248469.8274578,3688156.967444065
1142,248469.9241644567,3688157.107773194
1143,248470.0204622101,3688157.248351839
1144,248470.1168509635,3688157.389681872
1145,248470.2142236847,3688157.531783001
1146,248470.3127568575,3688157.674609517
1147,248470.4127816755,3688157.81847571
1148,248470.5141295579,3688157.963179097
1149,248470.6169300856,3688158.108902032
1150,248470.7205535809,3688158.254628871
1151,248470.8246095279,3688158.399588968
1152,248470.9295344426,3688158.543823839
1153,248471.035494196,3688158.687648
1154,248471.1425525623,3688158.831172064
1155,248471.2502580254,3688158.974313613
1156,248471.358174424,3688159.116662581
1157,248471.4670626291,3688159.259213709
1158,248471.576360189,3688159.401118645
1159,248471.6861369101,3688159.542494839
1160,248471.7961053732,3688159.683513129
1161,248471.9058540945,3688159.824265355
1162,248472.0160940414,3688159.965934999
1163,248472.1262433756,3688160.107716031
1164,248472.236379258,3688160.249713063
1165,248472.3464987534,3688160.391650999
1166,248472.4567219262,3688160.533367483
1167,248472.5679050667,3688160.675954451
1168,248472.6795228202,3688160.818646128
1169,248472.7916399607,3688160.961541967
1170,248472.9036665851,3688161.10364129
1171,248473.0159490482,3688161.245489548
1172,248473.1286979952,3688161.387301354
1173,248473.2413307164,3688161.528235903
1174,248473.3544206634,3688161.669041452
1175,248473.4683802555,3688161.809332742
1176,248473.5826852348,3688161.949288
1177,248473.6975902785,3688162.089773225
1178,248473.8113941287,3688162.227169419
1179,248473.925705495,3688162.363741773
1180,248474.0405833775,3688162.499577289
1181,248474.1556210342,3688162.634526902
1182,248474.271301207,3688162.769132902
1183,248474.3872357346,3688162.903025709
1184,248474.5033968106,3688163.037005934
1185,248474.6192616931,3688163.170531321
1186,248474.7354109304,3688163.303827579
1187,248474.8526464258,3688163.437636804
1188,248474.9699238889,3688163.570632159
1189,248475.0870326101,3688163.702510384
1190,248475.2048752668,3688163.834151804
1191,248475.3238837944,3688163.965536803
1192,248475.4437882575,3688164.096356384
1193,248475.564353398,3688164.2262629
1194,248475.6854955063,3688164.355517158
1195,248475.8072576146,3688164.48417261
1196,248475.9297765939,3688164.612653835
1197,248476.0527421537,3688164.740798158
1198,248476.1760676491,3688164.868354997
1199,248476.3001863057,3688164.995742029
1200,248476.4251435753,3688165.123012609
1201,248476.5512332965,3688165.250673125
1202,248476.6781475983,3688165.378529125
1203,248476.8058944163,3688165.506300642
1204,248476.9336137181,3688165.632822029
1205,248477.0620680199,3688165.758615126
1206,248477.1896080959,3688165.882951739
1207,248477.3162922042,3688166.005999933
1208,248477.4430076028,3688166.128284933
1209,248477.5712923239,3688166.253154029
1210,248477.698387529,3688166.377331964
1211,248477.8305630291,3688166.496781284
1212,248477.9619577166,3688166.615837646
1213,248478.092341308,3688166.734302817
1214,248478.2224833875,3688166.85279644
1215,248478.3521815757,3688166.970364972
1216,248478.4819706149,3688167.087792255
1217,248478.6122491619,3688167.205462324
1218,248478.7414394142,3688167.321807753
1219,248478.8700167263,3688167.437467799
1220,248478.9992599185,3688167.553818575
1221,248479.1286784792,3688167.670328798
1222,248479.2568964648,3688167.785556622
1223,248479.3857837385,3688167.901270821
1224,248479.5137921638,3688168.015904649
1225,248479.6410313412,3688168.129271061
1226,248479.7685021857,3688168.242303354
1227,248479.8957725163,3688168.354504961
1228,248480.0239079035,3688168.466512053
1229,248480.1513527831,3688168.576982026
1230,248480.278080845,3688168.68587845
1231,248480.4041367191,3688168.793233192
1232,248480.5291941902,3688168.898751354
1233,248480.6547180478,3688169.003781052
1234,248480.7808869995,3688169.108714199
1235,248480.9078106532,3688169.214256958
1236,248481.03336068,3688169.318487638
1237,248481.1589786031,3688169.422713569
1238,248481.2846569528,3688169.526929124
1239,248481.4104130714,3688169.631130372
1240,248481.5362708525,3688169.735331203
1241,248481.6622027087,3688169.839532483
1242,248481.7865349112,3688169.942211994
1243,248481.9108750855,3688170.044833095
1244,248482.0353414384,3688170.147502807
1245,248482.158705508,3688170.249101998
1246,248482.2819037761,3688170.350435948
1247,248482.4056148273,3688170.45179035
1248,248482.5289118459,3688170.552220669
1249,248482.6523336627,3688170.652344619
1250,248482.7760269709,3688170.75229119
1251,248482.8989352611,3688170.8510353
1252,248483.0219051671,3688170.949312534
1253,248483.1459734985,3688171.048314051
1254,248483.2697234162,3688171.14702828
1255,248483.3931867654,3688171.245486757
1256,248483.5167036664,3688171.344010479
1257,248483.6393718529,3688171.441754994
1258,248483.7615751412,3688171.53913535
1259,248483.8832817293,3688171.636582211
1260,248484.0061197735,3688171.735122351
1261,248484.1296305154,3688171.834066785
1262,248484.2530963402,3688171.932862195
1263,248484.376914977,3688172.031827069
1264,248484.5000931554,3688172.13014154
1265,248484.6231814729,3688172.228055158
1266,248484.7469035054,3688172.326104281
1267,248484.8719740035,3688172.425113216
1268,248484.9968677652,3688172.523790982
1269,248485.1219336565,3688172.622431401
1270,248485.2462108071,3688172.720176105
1271,248485.3690917582,3688172.816487836
1272,248485.4927145787,3688172.913215173
1273,248485.6180417448,3688173.011254807
1274,248485.7439233167,3688173.109674008
1275,248485.8695367626,3688173.207759011
1276,248485.9952428064,3688173.305827992
1277,248486.1203049106,3688173.40322099
1278,248486.2452727289,3688173.50049062
1279,248486.3712516112,3688173.59878785
1280,248486.4974963569,3688173.697626275
1281,248486.6233027982,3688173.796369092
1282,248486.7490992689,3688173.895410756
1283,248486.8738058805,3688173.993834516
1284,248486.9973296938,3688174.09148782
1285,248487.1207077514,3688174.189022616
1286,248487.2451746794,3688174.287726119
1287,248487.3699592497,3688174.38714947
1288,248487.4944536715,3688174.486683293
1289,248487.6192116148,3688174.586883478
1290,248487.7438217355,3688174.687359448
1291,248487.8676851933,3688174.78789339
1292,248487.9917222188,3688174.889746175
1293,248488.1161793791,3688174.993235125
1294,248488.2402446191,3688175.097989216
1295,248488.363550059,3688175.203545819
1296,248488.4853321694,3688175.309462561
1297,248488.6055002845,3688175.415575961
1298,248488.7240704913,3688175.521641954
1299,248488.8434114136,3688175.630001368
1300,248488.9632079637,3688175.740695195
1301,248489.0823382661,3688175.853159154
1302,248489.2004853478,3688175.96685243
1303,248489.3174635564,3688176.081911227
1304,248489.4321961594,3688176.197274907
1305,248489.5452872796,3688176.313266544
1306,248489.6584685363,3688176.431949603
1307,248489.7713871713,3688176.553201732
1308,248489.8835105494,3688176.676883045
1309,248489.9935030797,3688176.801541426
1310,248490.1004490534,3688176.926297253
1311,248490.2051491323,3688177.051466043
1312,248490.3088635791,3688177.17842281
1313,248490.4121162053,3688177.308422496
1314,248490.5144271616,3688177.441184568
1315,248490.6153455784,3688177.576679871
1316,248490.7135385349,3688177.713074871
1317,248490.8091482112,3688177.850460013
1318,248490.9022019717,3688177.988505114
1319,248490.9936870074,3688178.128442055
1320,248491.0842417014,3688178.272156203
1321,248491.1734961894,3688178.41998032
1322,248491.2604520757,3688178.571610661
1323,248491.3435122009,3688178.724223143
1324,248491.4227250505,3688178.877561427
1325,248491.4983792874,3688179.031330536
1326,248491.571646926,3688179.187525119
1327,248491.642806244,3688179.348279634
1328,248491.7112450741,3688179.513351541
1329,248491.7759850615,3688179.682174549
1330,248491.8358074285,3688179.851607317
1331,248491.8907277947,3688180.020794738
1332,248491.9412629291,3688180.189429476
1333,248491.9884734991,3688180.360359806
1334,248492.0321735879,3688180.535821144
1335,248492.0717504951,3688180.715231667
1336,248492.1063825103,3688180.898032033
1337,248492.1354164753,3688181.080996859
1338,248492.15899457,3688181.26324572
1339,248492.177660495,3688181.444349804
1340,248492.1919446349,3688181.625322985
1341,248492.2020291821,3688181.807792024
1342,248492.207284109,3688181.99259579
1343,248492.2078331794,3688182.178046092
1344,248492.2035373589,3688182.36271993
1345,248492.1946806987,3688182.545734935
1346,248492.1817456774,3688182.726985938
1347,248492.1649032723,3688182.908056148
1348,248492.143858857,3688183.090494898
1349,248492.1183327773,3688183.272653642
1350,248492.0825418007,3688183.451616279
1351,248492.043321283,3688183.628498906
1352,248492.0016953674,3688183.801379119
1353,248491.9581729121,3688183.971498606
1354,248491.9122538919,3688184.141841681
1355,248491.8638388807,3688184.312233494
1356,248491.8132633578,3688184.481523012
1357,248491.7591857069,3688184.654013191
1358,248491.7018038739,3688184.825506972
1359,248491.6437915338,3688184.990788863
1360,248491.5851082632,3688185.152784205
1361,248491.5246812382,3688185.314823386
1362,248491.4625558678,3688185.476529917
1363,248491.3990602256,3688185.637120921
1364,248491.3337392973,3688185.797769657
1365,248491.2675818701,3688185.955817411
1366,248491.2020042341,3688186.109758067
1367,248491.1374251922,3688186.26072962
1368,248491.0725379905,3688186.411854438
1369,248491.0075454824,3688186.562617204
1370,248490.9427084894,3688186.712412753
1371,248490.8777401974,3688186.861924257
1372,248490.812178855,3688187.012354169
1373,248490.7475757238,3688187.160076662
1374,248490.6835406438,3688187.306837691
1375,248490.619146628,3688187.454724178
1376,248490.5546634781,3688187.603156024
1377,248490.4903121493,3688187.75163945
1378,248490.4263347657,3688187.899605649
1379,248490.3624410183,3688188.047733083
1380,248490.2992916605,3688188.195361928
1381,248490.2357091766,3688188.344130392
1382,248490.1716440884,3688188.494137232
1383,248490.1072730983,3688188.64486728
1384,248490.0428129549,3688188.795717557
1385,248489.9785853176,3688188.945846555
1386,248489.9144795691,3688189.095653621
1387,248489.8502646256,3688189.24604378
1388,248489.7868109667,3688189.395067307
1389,248489.7246780592,3688189.542777346
1390,248489.6628032197,3688189.691606455
1391,248489.6015579989,3688189.840764324
1392,248489.5412327259,3688189.98951149
1393,248489.4815562775,3688190.138597341
1394,248489.4224425042,3688190.288158353
1395,248489.3639477828,3688190.43827334
1396,248489.3061791782,3688190.588122938
1397,248489.2493184317,3688190.737072079
1398,248489.1930849856,3688190.885690076
1399,248489.1371904304,3688191.034961269
1400,248489.081603593,3688191.184899474
1401,248489.0260231304,3688191.33624529
1402,248488.9712536033,3688191.486763575
1403,248488.9172058843,3688191.636745266
1404,248488.8631673145,3688191.787818057
1405,248488.8097748508,3688191.938351817
1406,248488.7568969142,3688192.088881122
1407,248488.7046839941,3688192.239096412
1408,248488.652938382,3688192.389694669
1409,248488.6016184875,3688192.540568439
1410,248488.5508377998,3688192.691714661
1411,248488.4999702715,3688192.843957022
1412,248488.4492006944,3688192.996664335
1413,248488.3985445348,3688193.149930851
1414,248488.3483638354,3688193.302906267
1415,248488.2986298657,3688193.456055088
1416,248488.2492716018,3688193.609426901
1417,248488.200348072,3688193.763000946
1418,248488.1516948471,3688193.917033321
1419,248488.103512055,3688194.070694422
1420,248488.0557278914,3688194.22404322
1421,248488.0079008958,3688194.378665198
1422,248487.9597729459,3688194.534621605
1423,248487.9116719734,3688194.690822926
1424,248487.8635406161,3688194.847496783
1425,248487.8151687277,3688195.005224156
1426,248487.7666413561,3688195.163685531
1427,248487.7178325634,3688195.323241231
1428,248487.6687915844,3688195.483731529
1429,248487.6197206519,3688195.645156913
1430,248487.5715567928,3688195.804635642
1431,248487.5239215363,3688195.963528898
1432,248487.4767302172,3688196.122254896
1433,248487.4294235915,3688196.282551438
1434,248487.3822381417,3688196.443627807
1435,248487.3353942137,3688196.604654665
1436,248487.2881208686,3688196.768332873
1437,248487.2405256875,3688196.932751033
1438,248487.1930043246,3688197.096520964
1439,248487.1452659862,3688197.260273837
1440,248487.0971280697,3688197.42454144
1441,248487.0488097353,3688197.588618682
1442,248487.0004618181,3688197.752092422
1443,248486.9516358374,3688197.916347637
1444,248486.9023546705,3688198.080733615
1445,248486.8529565569,3688198.244084751
1446,248486.8029433704,3688198.407320764
1447,248486.7521102991,3688198.571028709
1448,248486.7005845867,3688198.734701239
1449,248486.6485895989,3688198.89769457
1450,248486.5962663147,3688199.059786655
1451,248486.5431508544,3688199.22230582
1452,248486.4904987522,3688199.382309103
1453,248486.4384897805,3688199.540015671
1454,248486.386422056,3688199.697595861
1455,248486.3344225309,3688199.854621386
1456,248486.2826361935,3688200.010636195
1457,248486.2311951838,3688200.165250002
1458,248486.179689318,3688200.319729499
1459,248486.1288842081,3688200.472731997
1460,248486.0783986551,3688200.625047076
1461,248486.0274135916,3688200.779408979
1462,248485.976092492,3688200.935080436
1463,248485.9245921796,3688201.091466528
1464,248485.8728711102,3688201.248501746
1465,248485.8209676442,3688201.406047573
1466,248485.7685863315,3688201.565201471
1467,248485.7171999618,3688201.72127267
1468,248485.6674132684,3688201.876144539
1469,248485.6180987254,3688202.032561032
1470,248485.5697374287,3688202.189157935
1471,248485.5221899847,3688202.346662698
1472,248485.475294213,3688202.505154768
1473,248485.4291525485,3688202.663911328
1474,248485.3839890938,3688202.822740541
1475,248485.3397981316,3688202.982348503
1476,248485.295913906,3688203.144431728
1477,248485.2520617481,3688203.309635513
1478,248485.2083680994,3688203.475545502
1479,248485.1653888227,3688203.640272231
1480,248485.1227499915,3688203.804975778
1481,248485.0803257607,3688203.969753833
1482,248485.0384122358,3688204.134161007
1483,248484.9955386241,3688204.30202283
1484,248484.950926487,3688204.474258909
1485,248484.9045231451,3688204.648122163
1486,248484.8571509852,3688204.821247593
1487,248484.8083283432,3688204.99482941
1488,248484.7580840107,3688205.168573506
1489,248484.7069877081,3688205.341048055
1490,248484.6542632646,3688205.514183247
1491,248484.5992139749,3688205.688696368
1492,248484.542686603,3688205.861414846
1493,248484.4850142277,3688206.032045437
1494,248484.4255666085,3688206.201853186
1495,248484.3644975993,3688206.370287863
1496,248484.3019837337,3688206.537036791
1497,248484.2381557962,3688206.702012146
1498,248484.1716926193,3688206.868124311
1499,248484.1023220086,3688207.033944486
1500,248484.0307204933,3688207.198449775
1501,248483.956996947,3688207.361822838
1502,248483.8811476686,3688207.52364937
1503,248483.8037238664,3688207.683343678
1504,248483.7239618474,3688207.842937894
1505,248483.6408367803,3688208.003117164
1506,248483.5559591528,3688208.16069887
1507,248483.4685179059,3688208.317309592
1508,248483.3808044454,3688208.469318821
1509,248483.2929821583,3688208.618388618
1510,248483.2035568711,3688208.767396618
1511,248483.1126426382,3688208.916034048
1512,248483.0198516872,3688209.06480041
1513,248482.9242846749,3688209.214894533
1514,248482.8269737193,3688209.363966914
1515,248482.7307050666,3688209.508956785
1516,248482.6351574788,3688209.651662318
1517,248482.5389718006,3688209.794211765
1518,248482.4425722901,3688209.935978994
1519,248482.3457930243,3688210.077134157
1520,248482.2487598638,3688210.21767179
1521,248482.150695746,3688210.358879189
1522,248482.0532241387,3688210.49832836
1523,248481.9561907082,3688210.636728162
1524,248481.8587280964,3688210.775360091
1525,248481.7613989083,3688210.913402814
1526,248481.6643998856,3688211.050518777
1527,248481.5687380288,3688211.186272882
1528,248481.4727646837,3688211.323275796
1529,248481.3772695767,3688211.46013102
1530,248481.2824228801,3688211.596575283
1531,248481.1887875573,3688211.731714986
1532,248481.0973632452,3688211.864287044
1533,248481.0101556944,3688211.993339021
1534,248480.927347482,3688212.119673538
1535,248480.8457767203,3688212.249069572
1536,248480.7671071339,3688212.37733813
1537,248480.6919715324,3688212.504791985
1538,248480.6232434245,3688212.626651749
1539,248480.5599534979,3688212.748222754
1540,248480.4992162928,3688212.871748207
1541,248480.4431979204,3688212.99363573
1542,248480.3910755348,3688213.115442327
1543,248480.3441793059,3688213.233562883
1544,248480.303246205,3688213.347565188
1545,248480.267721593,3688213.458951582
1546,248480.2366015593,3688213.570599824
1547,248480.2100109508,3688213.680835664
1548,248480.1880783417,3688213.789926288
1549,248480.1703121779,3688213.899174044
1550,248480.1572022271,3688214.005255119
1551,248480.148835693,3688214.109848266
1552,248480.1449633122,3688214.215590386
1553,248480.145264617,3688214.323621118
1554,248480.1496784094,3688214.430838458
1555,248480.1584490315,3688214.538318171
1556,248480.1710445688,3688214.644073194
1557,248480.1879600759,3688214.746283539
1558,248480.2095832271,3688214.849489981
1559,248480.2366013633,3688214.955329576
1560,248480.2689948474,3688215.065873691
1561,248480.3058297276,3688215.177387399
1562,248480.3463318825,3688215.28774599
1563,248480.3914810686,3688215.397583399
1564,248480.4429314471,3688215.511555244
1565,248480.4990111128,3688215.628054683
1566,248480.5595210792,3688215.744946782
1567,248480.6239744458,3688215.863528309
1568,248480.6899620802,3688215.977718964
1569,248480.7631807987,3688216.096775572
1570,248480.8423349155,3688216.222520245
1571,248480.9239038375,3688216.349884609
1572,248481.006371838,3688216.476377082
1573,248481.0914488471,3688216.6044767
1574,248481.1779438182,3688216.733245145
1575,248481.2649827039,3688216.860866859
1576,248481.3541625725,3688216.990415768
1577,248481.4444901083,3688217.121341007
1578,248481.5351463133,3688217.252534123
1579,248481.6257339313,3688217.383293474
1580,248481.7163822402,3688217.513975483
1581,248481.8070851379,3688217.643766187
1582,248481.8975380807,3688217.771996987
1583,248481.9892435948,3688217.901272998
1584,248482.0817403271,3688218.031646323
1585,248482.1745956091,3688218.162489761
1586,248482.2672206299,3688218.293005658
1587,248482.3596579892,3688218.423199302
1588,248482.4521094988,3688218.552545325
1589,248482.5454903907,3688218.682127862
1590,248482.6392902958,3688218.811552512
1591,248482.7332861194,3688218.940568946
1592,248482.827422512,3688219.069127973
1593,248482.9224226452,3688219.198051615
1594,248483.0184941503,3688219.327926713
1595,248483.1153168829,3688219.458712126
1596,248483.2112905924,3688219.588296436
1597,248483.3067467169,3688219.717013133
1598,248483.4019694855,3688219.845105465
1599,248483.4972640671,3688219.973008228
1600,248483.5927779181,3688220.100869427
1601,248483.6878980161,3688220.22768669
1602,248483.7830285547,3688220.353702695
1603,248483.8783899535,3688220.479310527
1604,248483.9726943412,3688220.602690309
1605,248484.0672620584,3688220.724972279
1606,248484.1627522793,3688220.84718815
1607,248484.258880528,3688220.968757673
1608,248484.3549350487,3688221.088437924
1609,248484.451831311,3688221.206861941
1610,248484.5493900128,3688221.324082961
1611,248484.6477165458,3688221.439727819
1612,248484.7478402682,3688221.555735516
1613,248484.8492981231,3688221.671925213
1614,248484.951857986,3688221.787757177
1615,248485.0551383726,3688221.902712382
1616,248485.1595330712,3688222.017044379
1617,248485.2645845562,3688222.130461319
1618,248485.37039575,3688222.242702685
1619,248485.4776603899,3688222.355200584
1620,248485.5845392395,3688222.466166802
1621,248485.6922251562,3688222.576718502
1622,248485.7997769863,3688222.685614198
1623,248485.9080974008,3688222.793251367
1624,248486.0162116706,3688222.898813961
1625,248486.1241283484,3688223.002021798
1626,248486.2330308472,3688223.10369656
1627,248486.3429728711,3688223.204116327
1628,248486.45422063,3688223.303153284
1629,248486.5666163152,3688223.400650759
1630,248486.6797286799,3688223.496155902
1631,248486.7927690206,3688223.588891391
1632,248486.9073714703,3688223.6803667
1633,248487.0238251564,3688223.771090384
1634,248487.1409975741,3688223.860360232
1635,248487.2591414668,3688223.948045618
1636,248487.3786101156,3688224.034427458
1637,248487.4991848911,3688224.119367933
1638,248487.6201423293,3688224.202178737
1639,248487.7435732629,3688224.284568953
1640,248487.8691453292,3688224.366729639
1641,248487.9954794768,3688224.447885071
1642,248488.1226847143,3688224.527874113
1643,248488.2505024893,3688224.606455782
1644,248488.3789184249,3688224.683500299
1645,248488.5071049065,3688224.758393457
1646,248488.6367356065,3688224.832249607
1647,248488.7680523114,3688224.90540345
1648,248488.9001678884,3688224.97750263
1649,248489.0332699348,3688225.048424704
1650,248489.1671886281,3688225.118037386
1651,248489.301556899,3688225.186104749
1652,248489.435865318,3688225.252199825
1653,248489.572610657,3688225.317866171
1654,248489.711217004,3688225.38329231
1655,248489.8502017273,3688225.447861188
1656,248489.9889591821,3688225.511140701
1657,248490.1258138546,3688225.572044511
1658,248490.2617259618,3688225.630480858
1659,248490.3969576143,3688225.686587535
1660,248490.5335328262,3688225.741327984
1661,248490.6719628059,3688225.795191094
1662,248490.8108028684,3688225.847723463
1663,248490.9509952797,3688225.898994979
1664,248491.0934560572,3688225.949527141
1665,248491.2373565877,3688225.999258311
1666,248491.3804530022,3688226.047347679
1667,248491.523839712,3688226.094188224
1668,248491.6679153422,3688226.139955519
1669,248491.8122839351,3688226.184639855
1670,248491.9584316706,3688226.22850475
1671,248492.1079699631,3688226.272406034
1672,248492.2593182226,3688226.316507017
1673,248492.4112434384,3688226.360436028
1674,248492.5631776706,3688226.404049286
1675,248492.7157509147,3688226.447759724
1676,248492.8703166589,3688226.492176155
1677,248493.0265877321,3688226.537286115
1678,248493.1840226777,3688226.583109028
1679,248493.3421653949,3688226.629550095
1680,248493.5001170983,3688226.676253452
1681,248493.658635399,3688226.723466324
1682,248493.8180972714,3688226.771590027
1683,248493.9768640664,3688226.819958803
1684,248494.1346398612,3688226.868379402
1685,248494.2920791353,3688226.917108747
1686,248494.4491459123,3688226.966160212
1687,248494.6061132603,3688227.015545318
1688,248494.7676900013,3688227.067361738
1689,248494.933906403,3688227.122890048
1690,248495.1015338582,3688227.181876993
1691,248495.2682801953,3688227.243446555
1692,248495.4346094613,3688227.307961608
1693,248495.6008571865,3688227.375533327
1694,248495.7661046972,3688227.44600949
1695,248495.9313393944,3688227.519902116
1696,248496.0972982509,3688227.597699975
1697,248496.263033814,3688227.679611781
1698,248496.4270231383,3688227.764779752
1699,248496.5896492515,3688227.853679441
1700,248496.751211022,3688227.946459082
1701,248496.9102746962,3688228.042596187
1702,248497.0659090595,3688228.141245357
1703,248497.2204900079,3688228.243121853
1704,248497.3720335427,3688228.347767287
1705,248497.5204049427,3688228.45428931
1706,248497.6683601685,3688228.564893643
1707,248497.8141742461,3688228.678880332
1708,248497.956729374,3688228.795335739
1709,248498.096548942,3688228.914816339
1710,248498.2330740573,3688229.036589807
1711,248498.365546977,3688229.159821854
1712,248498.4953890452,3688229.285179988
1713,248498.6222420252,3688229.412835295
1714,248498.7457633481,3688229.541782971
1715,248498.8679758723,3688229.673663621
1716,248498.9893783727,3688229.809618464
1717,248499.1085130625,3688229.947876635
1718,248499.226426233,3688230.08932663
1719,248499.3414405491,3688230.232511709
1720,248499.4524776478,3688230.375193095
1721,248499.5604293033,3688230.517337122
1722,248499.6671552674,3688230.660994923
1723,248499.7733736689,3688230.807538711
1724,248499.8782157272,3688230.956006093
1725,248499.9816851488,3688231.106607552
1726,248500.0814604727,3688231.256523795
1727,248500.1765835857,3688231.402984809
1728,248500.2689198707,3688231.547023212
1729,248500.3604117592,3688231.691450504
1730,248500.4515808932,3688231.837349209
1731,248500.5421530679,3688231.984588929
1732,248500.6319173673,3688232.133256514
1733,248500.7191701738,3688232.280697468
1734,248500.8037373283,3688232.425924666
1735,248500.8866567183,3688232.569644938
1736,248500.9691003355,3688232.713788856
1737,248501.0507593708,3688232.858059862
1738,248501.1308486002,3688233.000345844
1739,248501.2106509236,3688233.141881839
1740,248501.2899995049,3688233.282492641
1741,248501.3693512527,3688233.42298142
1742,248501.4488047448,3688233.56360588
1743,248501.5285465928,3688233.704671374
1744,248501.6078776339,3688233.845046231
1745,248501.6875257201,3688233.985919433
1746,248501.7672160055,3688234.1270412
1747,248501.8457736718,3688234.266467591
1748,248501.9237083614,3688234.405072018
1749,248502.0012433991,3688234.543289293
1750,248502.0787065839,3688234.681637805
1751,248502.1555722615,3688234.819264721
1752,248502.2320529493,3688234.956455952
1753,248502.308948323,3688235.093967332
1754,248502.3847309579,3688235.229441721
1755,248502.4596197373,3688235.3627816
1756,248502.534799753,3688235.49553762
1757,248502.610968568,3688235.62898902
1758,248502.6873974513,3688235.761915594
1759,248502.7649224192,3688235.895509979
1760,248502.8440347432,3688236.030535732
1761,248502.9228661065,3688236.164019008
1762,248503.0015341992,3688236.29580053
1763,248503.0809444844,3688236.426911094
1764,248503.1616511254,3688236.558430512
1765,248503.2428721521,3688236.689023628
1766,248503.3255489819,3688236.820017683
1767,248503.4094322797,3688236.950919609
1768,248503.4951836545,3688237.082359606
1769,248503.5828706163,3688237.215199166
1770,248503.6713636408,3688237.348541738
1771,248503.7599324337,3688237.48133214
1772,248503.8490940157,3688237.614226679
1773,248503.9389510881,3688237.747596316
1774,248504.0293385089,3688237.881529856
1775,248504.1198907798,3688238.01551683
1776,248504.2100837898,3688238.14870238
1777,248504.3007279737,3688238.282204392
1778,248504.3920799565,3688238.416465418
1779,248504.4842494033,3688238.551612186
1780,248504.5767671138,3688238.686832672
1781,248504.6697816057,3688238.822216807
1782,248504.7631159076,3688238.957561608
1783,248504.8566747834,3688239.092542515
1784,248504.9505365015,3688239.227810738
1785,248505.0450263302,3688239.363949629
1786,248505.140322305,3688239.501211525
1787,248505.2360282178,3688239.639042605
1788,248505.3320592807,3688239.777357063
1789,248505.428270766,3688239.915943278
1790,248505.5240985962,3688240.053973908
1791,248505.6196318419,3688240.191685997
1792,248505.715689254,3688240.33025995
1793,248505.8115108552,3688240.468595299
1794,248505.9079247154,3688240.607921082
1795,248506.0044777289,3688240.7478432
1796,248506.1008297184,3688240.887814694
1797,248506.1966684316,3688241.027450628
1798,248506.2923244464,3688241.167474696
1799,248506.3871370572,3688241.306986353
1800,248506.4816684767,3688241.446682311
1801,248506.5762025848,3688241.587016509
1802,248506.6710760064,3688241.728351796
1803,248506.7645969465,3688241.868165512
1804,248506.8572523801,3688242.006953491
1805,248506.9496903522,3688242.145361586
1806,248507.0426009672,3688242.284430416
1807,248507.1355335004,3688242.423478951
1808,248507.2280939128,3688242.561914691
1809,248507.3220289407,3688242.702408431
1810,248507.4157467933,3688242.84354187
1811,248507.5084981716,3688242.98414009
1812,248507.6007292752,3688243.125153692
1813,248507.6926765821,3688243.266975214
1814,248507.7839304982,3688243.408981441
1815,248507.8742826324,3688243.550769566
1816,248507.9638184661,3688243.692548248
1817,248508.0518628354,3688243.832742418
1818,248508.1395295361,3688243.972675675
1819,248508.2266605309,3688244.112063217
1820,248508.3138377551,3688244.251779877
1821,248508.400786461,3688244.391427688
1822,248508.4871147531,3688244.530398638
1823,248508.5728962774,3688244.668766859
1824,248508.6591107726,3688244.80762978
1825,248508.7440925076,3688244.9444161
1826,248508.8286401989,3688245.079960707
1827,248508.9138934395,3688245.216009262
1828,248508.999630879,3688245.352208481
1829,248509.0855723418,3688245.488154395
1830,248509.1711572051,3688245.623045451
1831,248509.2572159689,3688245.758023215
1832,248509.3435181191,3688245.892537497
1833,248509.4294575117,3688246.025895599
1834,248509.5162485322,3688246.159894732
1835,248509.6036637223,3688246.294161769
1836,248509.691436019,3688246.428310013
1837,248509.7790880728,3688246.561681417
1838,248509.8670991525,3688246.69491678
1839,248509.9559994493,3688246.828795994
1840,248510.0446088153,3688246.961456798
1841,248510.1332997582,3688247.092655901
1842,248510.2232809282,3688247.224323269
1843,248510.3140119481,3688247.355534295
1844,248510.4051393142,3688247.485760596
1845,248510.497409512,3688247.616038829
1846,248510.5909723436,3688247.746844286
1847,248510.6859165771,3688247.878232873
1848,248510.7815354908,3688248.009703008
1849,248510.8771565759,3688248.140593621
1850,248510.9730422055,3688248.271373017
1851,248511.0701834741,3688248.403373996
1852,248511.1696281005,3688248.538375475
1853,248511.2696644804,3688248.675375198
1854,248511.3691677087,3688248.812779559
1855,248511.4683495992,3688248.951487228
1856,248511.5675841976,3688249.092340506
1857,248511.6658727986,3688249.233911651
1858,248511.7629626794,3688249.375684382
1859,248511.8590621461,3688249.51817987
1860,248511.9543031408,3688249.661467019
1861,248512.0493490369,3688249.806496812
1862,248512.1432481327,3688249.951657766
1863,248512.2363615639,3688250.097785306
1864,248512.3288888872,3688250.245037945
1865,248512.4204976562,3688250.392905226
1866,248512.5099200805,3688250.539496771
1867,248512.5966237257,3688250.68222083
1868,248512.6831431072,3688250.823990843
1869,248512.7694132881,3688250.965139356
1870,248512.8552099926,3688251.105254581
1871,248512.9396756905,3688251.243055986
1872,248513.024431016,3688251.380541989
1873,248513.1108520121,3688251.520080818
1874,248513.1972133128,3688251.659785892
1875,248513.2843965311,3688251.800710038
1876,248513.3711811706,3688251.941281696
1877,248513.4570008165,3688252.080424317
1878,248513.5426895493,3688252.219198178
1879,248513.6294614505,3688252.359614783
1880,248513.7171421683,3688252.502123565
1881,248513.8044940036,3688252.644736377
1882,248513.8905014031,3688252.786006138
1883,248513.9740354694,3688252.92360857
1884,248514.0568173989,3688253.058720763
1885,248514.140607464,3688253.19423635
1886,248514.224633153,3688253.328649412
1887,248514.3088686013,3688253.461704908
1888,248514.3933516956,3688253.593516435
1889,248514.4783391193,3688253.724611744
1890,248514.5635941618,3688253.854442926
1891,248514.6488924392,3688253.982786584
1892,248514.7347217452,3688254.11034645
1893,248514.8220589883,3688254.238873151
1894,248514.9099624,3688254.366882443
1895,248514.9981365966,3688254.493946203
1896,248515.0867675852,3688254.620480816
1897,248515.17702975,3688254.747951978
1898,248515.2704252149,3688254.880040166
1899,248515.3642535623,3688255.013916973
1900,248515.4581782127,3688255.148884152
1901,248515.5526268819,3688255.285616279
1902,248515.6469161453,3688255.423080504
1903,248515.7400700237,3688255.560128444
1904,248515.831617742,3688255.695945078
1905,248515.9234487802,3688255.832574823
1906,248516.0140807104,3688255.967980013
1907,248516.1052806043,3688256.104639152
1908,248516.1964419998,3688256.241643775
1909,248516.2865506259,3688256.377602042
1910,248516.3762067533,3688256.513238095
1911,248516.4664012872,3688256.649756739
1912,248516.5569597267,3688256.787631067
1913,248516.6467931731,3688256.9250824
1914,248516.7361883235,3688257.062633013
1915,248516.8251841674,3688257.200368232
1916,248516.9133533124,3688257.337554866
1917,248517.0018904612,3688257.476357527
1918,248517.0908456195,3688257.6173582
1919,248517.1794332014,3688257.759267471
1920,248517.2671277716,3688257.901038847
1921,248517.3541263919,3688258.043050539
1922,248517.4407854018,3688258.18585417
1923,248517.5273329133,3688258.33021489
1924,248517.6131278172,3688258.47532142
1925,248517.6980476756,3688258.621044993
1926,248517.782638416,3688258.768205124
1927,248517.8667662016,3688258.916634617
1928,248517.9516863826,3688259.068408094
1929,248518.0378969766,3688259.226890017
1930,248518.1222978053,3688259.389013479
1931,248518.2034026911,3688259.551691812
1932,248518.2813160355,3688259.715264531
1933,248518.3597175836,3688259.888573636
1934,248518.4350699366,3688260.071099566
1935,248518.5041640277,3688260.256883933
1936,248518.5651860707,3688260.442890903
1937,248518.6195550518,3688260.630492539
1938,248518.6664600966,3688260.819999025
1939,248518.7053140498,3688261.006558479
1940,248518.7377891278,3688261.194843277
1941,248518.7627781289,3688261.387710819
1942,248518.778692248,3688261.57737979
1943,248518.7868805798,3688261.761124452
1944,248518.7884226571,3688261.947430624
1945,248518.7814015616,3688262.139177373
1946,248518.7653500207,3688262.331698619
1947,248518.7401607944,3688262.522915761
1948,248518.7064133789,3688262.712270312
1949,248518.6640190226,3688262.897915255
1950,248518.6143965747,3688263.078459527
1951,248518.5568036919,3688263.257479054
1952,248518.4914596272,3688263.434432626
1953,248518.4175488075,3688263.611299482
1954,248518.3339510768,3688263.788008624
1955,248518.2417198104,3688263.960781155
1956,248518.1422708759,3688264.128220221
1957,248518.0344510161,3688264.292679534
1958,248517.9189621604,3688264.452311338
1959,248517.7964848421,3688264.607910603
1960,248517.6688742158,3688264.756482542
1961,248517.5400275547,3688264.896527188
1962,248517.4069990968,3688265.032080241
1963,248517.2674722392,3688265.165578204
1964,248517.1275774568,3688265.290271096
1965,248516.9924975605,3688265.406004081
1966,248516.8561341585,3688265.51880658
1967,248516.7188071799,3688265.62836953
1968,248516.5806618008,3688265.734918791
1969,248516.4455439143,3688265.835527259
1970,248516.3146325005,3688265.931784452
1971,248516.1827423437,3688266.027720018
1972,248516.0486660359,3688266.124021491
1973,248515.9122163719,3688266.220533164
1974,248515.7750358297,3688266.316033409
1975,248515.6369855145,3688266.410802792
1976,248515.4998842641,3688266.503259995
1977,248515.3645759832,3688266.593468945
1978,248515.2294683901,3688266.682462083
1979,248515.0942866161,3688266.770640583
1980,248514.9586733698,3688266.858410038
1981,248514.8230377897,3688266.945573099
1982,248514.6879858315,3688267.031613694
1983,248514.5538845579,3688267.116442365
1984,248514.4207446066,3688267.200226548
1985,248514.28725101,3688267.283835904
1986,248514.1533603113,3688267.367461236
1987,248514.0194487632,3688267.451011817
1988,248513.8856074433,3688267.534393347
1989,248513.7531500436,3688267.616714659
1990,248513.6228573805,3688267.697728089
1991,248513.4925049722,3688267.77924116
1992,248513.3604800432,3688267.862185201
1993,248513.226983501,3688267.946234123
1994,248513.0939066674,3688268.030184728
1995,248512.9607403863,3688268.114355157
1996,248512.8281062721,3688268.198381355
1997,248512.6955162239,3688268.282490822
1998,248512.5615328056,3688268.367488377
1999,248512.4253716544,3688268.4536327
2000,248512.2881072501,3688268.539859335
2001,248512.1510552964,3688268.625399556
2002,248512.0133925914,3688268.710721899
2003,248511.8764006909,3688268.795004962
2004,248511.7411529148,3688268.877774287
2005,248511.6047244245,3688268.960868135
2006,248511.4650760203,3688269.045162973
2007,248511.3233635256,3688269.129391201
2008,248511.1810814986,3688269.212804962
2009,248511.0384227848,3688269.295181607
2010,248510.8949070832,3688269.376733863
2011,248510.7506724645,3688269.457252626
2012,248510.6033090689,3688269.537903906
2013,248510.4530959279,3688269.618310304
2014,248510.3012751799,3688269.697401162
2015,248510.1485098028,3688269.775030924
2016,248509.9937962556,3688269.851440864
2017,248509.8382949922,3688269.925693695
2018,248509.6821836494,3688269.997719652
2019,248509.5242393918,3688270.068007767
2020,248509.3661973242,3688270.136041835
2021,248509.2070658757,3688270.202594496
2022,248509.0478007758,3688270.267017967
2023,248508.8886436694,3688270.329288885
2024,248508.7307089622,3688270.389127953
2025,248508.5721675793,3688270.447642531
2026,248508.4119515197,3688270.505035632
2027,248508.2522591003,3688270.560766587
2028,248508.0917420654,3688270.615736086
2029,248507.9316138343,3688270.669254486
2030,248507.7730198213,3688270.721302915
2031,248507.6151088458,3688270.772575793
2032,248507.4565369523,3688270.823594888
2033,248507.2963431979,3688270.874654675
2034,248507.1352748151,3688270.92548122
2035,248506.9728910962,3688270.976253645
2036,248506.8116287499,3688271.025991806
2037,248506.6528580371,3688271.074677811
2038,248506.4956111034,3688271.123104794
2039,248506.338382612,3688271.171732296
2040,248506.1805759104,3688271.220806601
2041,248506.022720898,3688271.270158612
2042,248505.8646148593,3688271.319893263
2043,248505.7086880717,3688271.369169993
2044,248505.5553728001,3688271.418154548
2045,248505.4031768726,3688271.46773766
2046,248505.2509233477,3688271.518203281
2047,248505.0982644058,3688271.569792874
2048,248504.9453842995,3688271.622449236
2049,248504.7925456758,3688271.676065033
2050,248504.641019808,3688271.730315632
2051,248504.4887451313,3688271.785756583
2052,248504.3356280468,3688271.842174335
2053,248504.1822730909,3688271.899286276
2054,248504.0282345103,3688271.957342369
2055,248503.8738643473,3688272.016211806
2056,248503.7194643352,3688272.07575709
2057,248503.5661553434,3688272.135647404
2058,248503.4118056032,3688272.196479776
2059,248503.2566244127,3688272.257835434
2060,248503.101265979,3688272.319441439
2061,248502.9451799471,3688272.381545356
2062,248502.7889910155,3688272.4438996
2063,248502.6329009529,3688272.506425536
2064,248502.4784933339,3688272.568503124
2065,248502.3247135944,3688272.630541754
2066,248502.171147802,3688272.692686501
2067,248502.0176003893,3688272.754999164
2068,248501.8630821207,3688272.817908182
2069,248501.7072340362,3688272.881368068
2070,248501.5506132953,3688272.944843059
2071,248501.3953941053,3688273.007522132
2072,248501.2402957946,3688273.069840502
2073,248501.0852302254,3688273.131766779
2074,248500.9298641464,3688273.193453434
2075,248500.7732718295,3688273.255187314
2076,248500.6155695858,3688273.316795478
2077,248500.4571272031,3688273.377903034
2078,248500.2998990903,3688273.437819765
2079,248500.1426952182,3688273.496918772
2080,248499.9855792086,3688273.555130202
2081,248499.8279812788,3688273.612721064
2082,248499.6690563875,3688273.669846104
2083,248499.5093992586,3688273.726240104
2084,248499.3490161473,3688273.781791165
2085,248499.1896680002,3688273.835902769
2086,248499.0303366288,3688273.888878776
2087,248498.8709994116,3688273.940722533
2088,248498.7109318956,3688273.99175661
2089,248498.5499888888,3688274.041856994
2090,248498.3903417352,3688274.090619398
2091,248498.2309806058,3688274.13875831
2092,248498.0725952838,3688274.185946763
2093,248497.9146049,3688274.232422151
2094,248497.7565085975,3688274.278373988
2095,248497.5978400764,3688274.324006397
2096,248497.4376615211,3688274.369550561
2097,248497.2764810404,3688274.41482156
2098,248497.1136833632,3688274.459993636
2099,248496.951585677,3688274.504268659
2100,248496.7906463942,3688274.547789423
2101,248496.6299330103,3688274.591140601
2102,248496.4681600325,3688274.634691337
2103,248496.3064726988,3688274.678090584
2104,248496.1428563195,3688274.721892955
2105,248495.9776843037,3688274.765666099
2106,248495.8140521348,3688274.808555463
2107,248495.6516388917,3688274.850802431
2108,248495.4895512228,3688274.892881102
2109,248495.3267008901,3688274.935069405
2110,248495.164003657,3688274.977150229
2111,248494.9990638582,3688275.019724069
2112,248494.8302391941,3688275.062539842
2113,248494.6608202292,3688275.104268047
2114,248494.4929895499,3688275.144679466
2115,248494.3255018625,3688275.184163211
2116,248494.1579322502,3688275.222821981
2117,248493.9903414736,3688275.26074017
2118,248493.8163801527,3688275.298984876
2119,248493.6356949671,3688275.335842008
2120,248493.4548863813,3688275.3693108
2121,248493.2751543409,3688275.399675095
2122,248493.0952784294,3688275.426777202
2123,248492.9144788355,3688275.450901363
2124,248492.7305751562,3688275.471702018
2125,248492.5436288788,3688275.488608064
2126,248492.3551970235,3688275.500571456
2127,248492.1680653553,3688275.507391712
2128,248491.9812594065,3688275.508828285
2129,248491.7965675219,3688275.504801629
2130,248491.6114451618,3688275.495568196
2131,248491.4247052531,3688275.480118695
2132,248491.2392334903,3688275.458605531
2133,248491.0569720004,3688275.431323149
2134,248490.8750722294,3688275.398531142
2135,248490.6944563286,3688275.359452516
2136,248490.518825059,3688275.315687843
2137,248490.3432284062,3688275.26664254
2138,248490.1658121977,3688275.210802945
2139,248489.9893637998,3688275.14874233
2140,248489.8160972895,3688275.081157386
2141,248489.6446645635,3688275.008175815
2142,248489.4752388314,3688274.929274866
2143,248489.3101275055,3688274.846184947
2144,248489.1490781573,3688274.759264282
2145,248488.9890256558,3688274.667218263
2146,248488.8291678933,3688274.569153534
2147,248488.6720539367,3688274.466173987
2148,248488.5154868076,3688274.357366912
2149,248488.3638411479,3688274.244368981
2150,248488.219583288,3688274.131548538
2151,248488.0794724783,3688274.016974504
2152,248487.9411859985,3688273.899198915
2153,248487.8045743136,3688273.778144778
2154,248487.6689415709,3688273.653225875
2155,248487.5369292122,3688273.526491082
2156,248487.4103437212,3688273.400852916
2157,248487.2871957594,3688273.276009078
2158,248487.1650792034,3688273.149823362
2159,248487.0439756346,3688273.022319278
2160,248486.9230723944,3688272.892301054
2161,248486.8029519877,3688272.760258383
2162,248486.6851916036,3688272.627783637
2163,248486.5696519075,3688272.494935003
2164,248486.4559052449,3688272.361599689
2165,248486.3430863976,3688272.226964606
2166,248486.2314049691,3688272.091247167
2167,248486.1206330747,3688271.954017207
2168,248486.0101325605,3688271.814430333
2169,248485.9012012143,3688271.673624699
2170,248485.7949550173,3688271.533677218
2171,248485.6904721671,3688271.393862821
2172,248485.5868279364,3688271.253140215
2173,248485.4843193198,3688271.111838798
2174,248485.382985624,3688270.969911126
2175,248485.2821881452,3688270.826658207
2176,248485.1828895835,3688270.683152949
2177,248485.0862646055,3688270.541873798
2178,248484.9910051438,3688270.401856456
2179,248484.8958844323,3688270.261379351
2180,248484.8013859758,3688270.121112711
2181,248484.70735739,3688269.980807106
2182,248484.6133843282,3688269.839930622
2183,248484.5199956673,3688269.699169016
2184,248484.4277778968,3688269.559617956
2185,248484.3361541319,3688269.420686702
2186,248484.2445171213,3688269.281494968
2187,248484.1533977187,3688269.142808574
2188,248484.0623584593,3688269.003964321
2189,248483.9711550134,3688268.864371532
2190,248483.8794015262,3688268.723322101
2191,248483.7888888827,3688268.583540854
2192,248483.6989443029,3688268.444432128
2193,248483.608818774,3688268.304843254
2194,248483.5190732798,3688268.165659848
2195,248483.4290665964,3688268.025824706
2196,248483.3388886938,3688267.885565637
2197,248483.2479657278,3688267.743998578
2198,248483.1575018655,3688267.603022485
2199,248483.0675513902,3688267.462814964
2200,248482.978362544,3688267.323834451
2201,248482.8887774086,3688267.184235167
2202,248482.799270929,3688267.044827751
2203,248482.709768996,3688266.90558789
2204,248482.6202731855,3688266.766501903
2205,248482.5307382568,3688266.627517433
2206,248482.4412533597,3688266.488630348
2207,248482.3524681618,3688266.350749742
2208,248482.2632297225,3688266.21211493
2209,248482.1738901434,3688266.073243617
2210,248482.0845338322,3688265.934235524
2211,248481.9952386713,3688265.795222081
2212,248481.9060178596,3688265.656210833
2213,248481.8169390959,3688265.517246292
2214,248481.7285426253,3688265.379118796
2215,248481.6396748381,3688265.24007414
2216,248481.5507704938,3688265.100823037
2217,248481.4618616478,3688264.961488197
2218,248481.372943368,3688264.822066085
2219,248481.2842912528,3688264.68297616
2220,248481.1959621589,3688264.544546591
2221,248481.1080553544,3688264.407082962
2222,248481.0193546872,3688264.268677697
2223,248480.9303917979,3688264.130286743
2224,248480.8409733059,3688263.991804792
2225,248480.7511427136,3688263.853231184
2226,248480.6614779979,3688263.715562957
2227,248480.5717271419,3688263.578331973
2228,248480.4824027202,3688263.44230367
2229,248480.3919627766,3688263.305148089
2230,248480.3006190998,3688263.16710833
2231,248480.208449336,3688263.028192662
2232,248480.1164434293,3688262.889923069
2233,248480.0239828933,3688262.751308107
2234,248479.9309917387,3688262.612140928
2235,248479.8374078698,3688262.472308688
2236,248479.7439344925,3688262.332858815
2237,248479.6495111197,3688262.19221921
2238,248479.5545381415,3688262.050599676
2239,248479.4603690506,3688261.910089137
2240,248479.3663171412,3688261.769633761
2241,248479.2721264687,3688261.62886229
2242,248479.1775496137,3688261.487389623
2243,248479.0831139132,3688261.346046615
2244,248478.9883326379,3688261.20407521
2245,248478.893109337,3688261.061161283
2246,248478.7990923124,3688260.919889292
2247,248478.7053465935,3688260.778716334
2248,248478.6116174301,3688260.63713908
2249,248478.5176465262,3688260.494755512
2250,248478.4239166766,3688260.352323079
2251,248478.330746477,3688260.210381401
2252,248478.2374547672,3688260.067804799
2253,248478.1449887119,3688259.926270417
2254,248478.0531392333,3688259.785357391
2255,248477.9616461814,3688259.644438605
2256,248477.8701677585,3688259.503023245
2257,248477.7790108639,3688259.361550185
2258,248477.6885285443,3688259.220570553
2259,248477.5981441303,3688259.079197769
2260,248477.5085454284,3688258.938413986
2261,248477.4194380687,3688258.797858621
2262,248477.3312105644,3688258.658262557
2263,248477.2432141835,3688258.518645228
2264,248477.1557472082,3688258.379441739
2265,248477.0681238567,3688258.239552378
2266,248476.9804013752,3688258.09907742
2267,248476.8920105583,3688257.957080582
2268,248476.8049505452,3688257.816695044
2269,248476.7185648124,3688257.677303465
2270,248476.6319943792,3688257.537531062
2271,248476.5457579316,3688257.398206537
2272,248476.4595583251,3688257.25884192
2273,248476.3736700383,3688257.119988983
2274,248476.2877022632,3688256.981189681
2275,248476.2023407047,3688256.843513118
2276,248476.1174536317,3688256.706919816
2277,248476.0318268162,3688256.569492419
2278,248475.9461202533,3688256.432307719
2279,248475.8599207548,3688256.294765824
2280,248475.7734598232,3688256.157176986
2281,248475.6867962888,3688256.019543429
2282,248475.6000086039,3688255.881953743
2283,248475.5133657726,3688255.744886718
2284,248475.4264181714,3688255.607416857
2285,248475.3391158974,3688255.46945743
2286,248475.2511095791,3688255.33046979
2287,248475.1627921263,3688255.190933103
2288,248475.0746802596,3688255.05143816
2289,248474.9869630979,3688254.912316759
2290,248474.8997053723,3688254.773646447
2291,248474.812944338,3688254.635472472
2292,248474.7269723251,3688254.498270732
2293,248474.64071497,3688254.360267939
2294,248474.5541558609,3688254.221425601
2295,248474.467732489,3688254.08252366
2296,248474.3815599742,3688253.943676028
2297,248474.295468042,3688253.804620069
2298,248474.2100697853,3688253.666467983
2299,248474.1244959083,3688253.527933906
2300,248474.0388936014,3688253.389636017
2301,248473.9529764292,3688253.251112135
2302,248473.866535277,3688253.112030854
2303,248473.7796221528,3688252.972506774
2304,248473.6920439223,3688252.83195685
2305,248473.6041429547,3688252.690646095
2306,248473.5154402143,3688252.547828497
2307,248473.4268109355,3688252.404893135
2308,248473.3384393339,3688252.262726725
2309,248473.2507088686,3688252.122169877
2310,248473.1710187097,3688251.996399641
2311,248473.1019872475,3688251.894047014
2312,248473.0297916111,3688251.796078552
2313,248472.9229495489,3688251.654091456
2314,248472.8224725327,3688251.497777766
2315,248472.744427084,3688251.374097397
2316,248472.6665174669,3688251.249659349
2317,248472.5894778972,3688251.125788716
2318,248472.5129385024,3688251.002038943
2319,248472.4362583728,3688250.877673474
2320,248472.3588264677,3688250.751928512
2321,248472.280807257,3688250.625112304
2322,248472.2018264732,3688250.496599254
2323,248472.1223593889,3688250.366946847
2324,248472.0427449625,3688250.236603845
2325,248471.9637796656,3688250.107012353
2326,248471.8843692544,3688249.976175894
2327,248471.8052945241,3688249.845612792
2328,248471.7262089988,3688249.714886872
