x,y,kappa
250297.3568,3688260.115,1.5127563378753047e-15
250297.6341119191,3688260.403267297,0.027945890241198482
250297.91154777166,3688260.6914157136,0.00409196361702585
250298.1865850435,3688260.9818350147,0.044352116340430396
250298.4532679247,3688261.2799502145,0.25158310236724124
250298.7232141486,3688261.5751211657,0.5431923674507138
250298.99483426297,3688261.8684248403,0.004185527319982304
250299.2495129149,3688262.176867403,0.06214312231124196
250299.50755184324,3688262.4824965796,0.4138321229540585
250299.77835055848,3688262.7768696807,0.029130873142850684
250300.0462468841,3688263.0739034964,0.4126238757451024
250300.30036256756,3688263.3828153796,0.05675655735337512
250300.54936531352,3688263.6958313123,0.03623562028005587
250300.79720031394,3688264.0097933286,0.14565968084580155
250301.0527855972,3688264.317488872,0.001412155390855369
250301.31364744174,3688264.620683756,0.09237030251736693
250301.5791553348,3688264.919851954,0.4740528993606185
250301.84027220696,3688265.222700878,0.0188559711455281
250302.11267265858,3688265.5156018413,0.310519150111713
250302.37365839773,3688265.8187259044,0.1696401563057664
250302.62329222012,3688266.1308643324,1.2033437478658944
250302.88649334127,3688266.431914718,0.4579588048910807
250303.14306341478,3688266.7387078535,0.38095028816568804
250303.39698040264,3688267.0477203084,0.21798994732939522
250303.65335441424,3688267.3547493555,0.1893919414244324
250303.90835064813,3688267.662800915,0.060041721453719506
250304.16450369995,3688267.9698850866,0.3205277786594776
250304.4346406395,3688268.2648041975,0.13522978423666815
250304.68573622734,3688268.5761449095,0.44585122195256716
250304.953721963,3688268.8730870485,0.30061854458769977
250305.20609400692,3688269.1833674824,0.188397157978009
250305.46320487373,3688269.489759225,0.38641701718124893
250305.72844230404,3688269.7890757667,0.5613021270989299
250305.99182092134,3688270.0899420865,0.3994624503987125
250306.2587524438,3688270.387838454,0.3631298741259916
250306.51968596136,3688270.6904830546,0.3056895121432602
250306.78440035877,3688270.9901604326,0.3497272420211388
250307.0377195964,3688271.299609909,0.12832169961617515
250307.2888161976,3688271.610966061,0.40277560926386785
250307.5509612235,3688271.913038486,0.1832383244534506
250307.7967773784,3688272.2285876386,0.10749019358916136
250308.0484110494,3688272.5393727906,0.2180761214454275
250308.29855836206,3688272.8514832905,0.10801748711790679
250308.54119053308,3688273.1694202633,0.015944387794057817
250308.77674091616,3688273.492706506,0.05262433657168931
250309.0130198309,3688273.815463875,0.06346652842460228
250309.2684589349,3688274.1229990134,0.0007053461643269836
250309.53609740283,3688274.420263421,0.38637358382151066
250309.80287321322,3688274.718092048,0.28814571478082235
250310.05839814566,3688275.025747009,0.030329008173967532
250310.30504058115,3688275.340653409,0.06541321873191847
250310.55679261696,3688275.651448456,0.11850473726626869
250310.81678588223,3688275.9553522407,0.33939270239408975
250311.08985700287,3688276.2475793795,0.030441757489522766
250311.35471617326,3688276.5473278468,0.023702361298705805
250311.62008063868,3688276.8466278506,0.09335837437377396
250311.88478986223,3688277.1465016096,0.6055227606469342
250312.14089005356,3688277.453565726,0.17321864783208327
250312.40903242247,3688277.7503479375,0.28587765226048106
250312.67042947363,3688278.0525358943,0.5169941767208269
250312.91787360483,3688278.366690439,0.7360093242153728
250313.18017862333,3688278.6686768327,0.3283354536922419
250313.4360674791,3688278.976016992,0.5169639870796926
250313.68764870972,3688279.2869665837,0.08782458464013182
250313.93698139006,3688279.599720103,0.0942219603191315
250314.1978764757,3688279.902749215,0.429905276149774
250314.45204105994,3688280.211618198,0.11488809581410256
250314.70577119626,3688280.520828472,0.7096189002017439
250314.96521857672,3688280.8248634543,0.03619099211477623
250315.21271987128,3688281.1390098743,0.2823724737677322
250315.45945617367,3688281.4538426567,0.007593388338727627
250315.7135281367,3688281.762755141,0.1700260807432788
250315.97839608142,3688282.0624976023,0.06954747836154299
250316.23809329115,3688282.3666719343,0.16550295853520486
250316.49498734926,3688282.6732568457,0.39548905924984373
250316.7400686577,3688282.9893409517,0.30645608413720293
250316.98018872426,3688283.309251249,0.22519780348776902
250317.23100301993,3688283.6208504224,0.00024009326043166233
250317.49522125578,3688283.9209427736,0.0398589535913268
250317.75962977784,3688284.220935116,0.14651237374036163
250318.0197897491,3688284.52477039,0.18697283718098387
250318.2698919871,3688284.83693024,0.021915154405412942
250318.52845255082,3688285.142012011,0.13324370653728895
250318.78113487252,3688285.45196853,0.08038702974938722
250319.0311628789,3688285.764180173,0.15339761704268254
250319.2726784274,3688286.0830051834,0.231860242571706
250319.52539324536,3688286.392998488,0.07340983713124885
250319.7898050282,3688286.69313022,0.1770665526140478
250320.0579246374,3688286.989918104,0.24185490091955275
250320.32367597974,3688287.288680442,0.27882064574802473
250320.58406204075,3688287.5922582583,0.2551284923631794
250320.8532206151,3688287.8881124854,0.00935436126407674
250321.11645306993,3688288.1891101715,0.1657213599130574
250321.3630613123,3688288.5040388443,0.2895183923084264
250321.6123852719,3688288.8167070784,0.10590607072667872
250321.867518977,3688289.124629601,0.9160906499757097
250322.107443627,3688289.4445910756,0.003666585293782453
250322.35495695146,3688289.7587932036,0.19590156348531632
250322.60420207598,3688290.071644205,0.10913417436504537
250322.85516771686,3688290.383116442,0.581824557306665
250323.11404403666,3688290.6869775304,1.717850926468063
250323.36317056083,3688290.999274723,0.44104403052201047
250323.6254477403,3688291.301273834,0.3892035931178039
250323.88134190615,3688291.60867893,0.453839892810327
250324.13916802508,3688291.914261092,0.18581657415959354
250324.40175751547,3688292.2156544738,0.11366899321160279
250324.66756279132,3688292.5142879947,0.3524088748301127
250324.93278651676,3688292.8137151627,0.06637271539872061
250325.187820746,3688293.121809149,0.17362297439961025
250325.44688283117,3688293.4265487483,0.35927714467600624
250325.72661077484,3688293.712462306,0.37052239243566093
250325.98847869583,3688294.0147614274,0.3462779660508872
250326.23349396035,3688294.3309270083,0.27196646608763775
250326.49936114773,3688294.6297377218,0.6599978092593305
250326.75079423655,3688294.940793937,0.142987420775131
250327.01506550112,3688295.241057768,0.23623479421304644
250327.27440738253,3688295.545557875,0.0006478372295100646
250327.53664552688,3688295.8475951115,0.2554930569529447
250327.79750489458,3688296.1507498925,0.42355544109723203
250328.06673462252,3688296.4465854997,0.16150126819890911
250328.3368834305,3688296.741502712,0.11452052200479439
250328.6058516862,3688297.037547428,0.30872325269997575
250328.8791503521,3688297.329611531,0.26213991046918567
250329.15327424125,3688297.6208718265,0.0637362283913924
250329.4184124456,3688297.920357761,0.6049739240987809
250329.7007208467,3688298.2037167647,0.21104553932271805
250329.97252836058,3688298.4969962733,0.5341163135287416
250330.2546443639,3688298.7805532995,0.3811542779590158
250330.53923555888,3688299.0613669246,0.18597612581142098
250330.80359038716,3688299.36155821,0.01232867670264475
250331.06580817056,3688299.6636005114,0.2614344435011043
250331.32569920697,3688299.9675267823,0.1890690444494726
250331.56549550698,3688300.287041793,0.21041444421460462
250331.79892306603,3688300.611794938,0.006797063715370841
250332.04287250846,3688300.9287408846,0.6999698553720787
250332.30101510888,3688301.233997416,0.9599303148839929
250332.56126430622,3688301.5373583427,0.038990925487778924
250332.8085156723,3688301.8517302503,0.2878476076871568
250333.06745518613,3688302.156581534,0.21788362879436002
250333.32628410147,3688302.4615386813,0.09610291892018935
250333.56975051577,3688302.77884518,0.05512679723630015
250333.81587429706,3688303.0940972753,0.042933119096504505
250334.0753121872,3688303.3984595323,0.09470746366056214
250334.34128169893,3688303.6971912044,0.0750656607259832
250334.61011958838,3688303.9933497515,0.2536733024636108
250334.88040518994,3688304.288155761,0.1154441773438498
250335.15803344306,3688304.576084585,0.5515685321044255
250335.42200116225,3688304.876621833,0.24658950069527574
250335.68488329742,3688305.1780836713,0.5735557948095156
250335.94338666418,3688305.4831132963,0.18355941169066478
250336.20508155454,3688305.785607746,0.2850184112319087
250336.47331532452,3688306.0823417115,0.27060639605737025
250336.74701534942,3688306.3736007037,0.30442126165835176
250337.0345996868,3688306.651540659,0.49093316543968796
250337.3019812238,3688306.948928453,0.2664115551098377
250337.58198102532,3688307.2344419286,0.49987696959773303
250337.86427635024,3688307.5176778594,1.09869625510274
250338.1221460507,3688307.823454242,0.14554394762709208
250338.3951164272,3688308.115832406,0.03759827344871701
250338.67629657747,3688308.4002851346,0.8662437971141461
250338.93633526037,3688308.704154233,0.5058661627650886
250339.20456603172,3688309.0003815107,0.21513313002950657
250339.46392012294,3688309.304895177,0.10041542356862182
250339.73700386353,3688309.596905718,0.6942365133975833
250340.0060494351,3688309.8928384087,0.025754963098431772
250340.29036986496,3688310.1741060955,0.005736976274052559
250340.57883199002,3688310.4511985504,0.07027363895154358
250340.859207619,3688310.736479752,0.3354442758769624
250341.14740349204,3688311.0138628096,0.008498571323974366
250341.43407332595,3688311.2928239102,0.1936755481678512
250341.71521225586,3688311.577061674,0.3399290103279539
250341.96839086234,3688311.8867365853,0.11327694897865961
250342.2228324293,3688312.195335879,0.10536121443138148
250342.48408206867,3688312.498209477,0.039891897430142674
250342.7570962023,3688312.79049773,0.206123907721129
250343.03579737514,3688313.077332985,0.23084085968597184
250343.30816518265,3688313.370181682,0.703183925812731
250343.56118822095,3688313.6799877463,1.3079619518067789
250343.83942903514,3688313.966806847,0.5439809509978127
250344.11188449166,3688314.2596659213,0.2872225470346326
250344.38251074302,3688314.55412887,0.3857155695863146
250344.6491215352,3688314.852248087,0.5583178915600655
250344.91704859433,3688315.1491556927,0.46340771514469287
250345.18185298867,3688315.4488306236,0.11716719044958811
250345.43887621988,3688315.7552693244,0.24581578652152583
250345.70555475634,3688316.0532748015,0.6449539008689498
250345.97002235331,3688316.3532155314,0.2880650961504509
250346.25308320794,3688316.635816886,0.23120196318370975
250346.53356409285,3688316.92087868,0.3735409863975538
250346.81290221884,3688317.2071735077,0.2121855353726675
250347.10122310926,3688317.4844234074,0.177859934558139
250347.3864396706,3688317.7648354038,0.270155515807713
250347.66566729365,3688318.051247918,0.3810109498931285
250347.956571488,3688318.325786201,0.0337284632729291
250348.24238243504,3688318.6056191497,0.10978258248092558
250348.5196630696,3688318.8939081077,0.016137486251099047
250348.79452837282,3688319.1845076415,0.03833335302697171
250349.06367602796,3688319.4803505256,0.13506353815802394
250349.32053126808,3688319.786989728,0.270382891716417
250349.58948750855,3688320.0830617975,0.13414538311848623
250349.85735198253,3688320.3800679953,0.3124313415613387
250350.12215526804,3688320.679894689,0.013933242267797737
250350.38780162725,3688320.9789479054,0.08566655913190332
250350.6546719289,3688321.27690481,0.052595712306338235
250350.9219754492,3688321.5744760325,0.015455625456973899
250351.18947349273,3688321.871872387,0.02963409651931125
250351.45733843022,3688322.1689376524,0.041285097102859956
250351.72515811567,3688322.4660439724,0.03968709606231654
250351.99345502583,3688322.7627196503,0.012411261836238622
250352.26152857605,3688323.059596791,0.004299416489540903
250352.52984626294,3688323.356254169,0.0036828171126402397
250352.79805044294,3688323.6530141872,0.006151748948724385
250353.0659258288,3688323.950070629,0.009406691701212201
250353.33419476813,3688324.246769483,0.04361847195292816
250353.6018965644,3688324.543980421,0.06822317926659101
250353.86921092516,3688324.8415411245,0.013374769885077312
250354.13690116425,3688325.1387648233,0.0031453571498065306
250354.40451583464,3688325.436056567,0.0017456681383998423
250354.67213435203,3688325.733344827,0.014663815097397075
250354.9401746727,3688326.0302517246,0.04305515754030003
250355.20773803155,3688326.327590298,0.014947710726417969
250355.47663472674,3688326.6237192936,0.024487377542015874
250355.74484148834,3688326.9204762247,0.009282423776233263
250356.01353206363,3688327.2167947125,0.0798559570992276
250356.2834684376,3688327.5119792903,0.009393375525854548
250356.55357571223,3688327.807007242,0.014237090965303015
250356.8243287937,3688328.1014427748,0.03939704022915043
250357.0955766692,3688328.395421313,0.02762358015294648
250357.3683275313,3688328.688006815,0.02904056338637321
250357.64222486966,3688328.9795208788,0.0074965550580171295
250357.9166640014,3688329.2705246457,0.03880747743388483
250358.19282660563,3688329.5598929757,0.009083480432096438
250358.46990346233,3688329.8483853033,0.02380100849374733
250358.74870159198,3688330.13521556,0.002743440211964514
250359.0286680529,3688330.4209031183,0.050342069448279785
250359.30972096746,3688330.705555288,0.18122613310166236
250359.60132712295,3688330.9785576765,0.8786264290043512
250359.87633775338,3688331.26919964,0.010752831774954766
250360.13539933975,3688331.5728852283,0.6217197228968538
250360.40729408019,3688331.8663876746,0.007321955882839175
250360.66483748727,3688332.1716777547,0.46656424719849804
250360.9203118161,3688332.4791935333,0.11896671464197264
250361.1743392831,3688332.7876501577,0.4488335064085264
250361.41289594796,3688333.108828203,0.2016510442419774
250361.6470939144,3688333.432832533,0.36260370499714495
250361.8984145547,3688333.744008034,0.4824292635858616
250362.1274631149,3688334.0715675694,0.3408882351457873
250362.34576949768,3688334.406296397,0.021983737970232575
250362.54431056423,3688334.7531465716,0.3821269173336002
250362.68247039514,3688335.1280521667,0.22925143202360257
250362.78649462224,3688335.5135624595,0.16803334951763532
250362.8423824627,3688335.909902319,1.1625422623885284
250362.82213996633,3688336.309196373,0.9733424931765741
250362.77289291643,3688336.7057897453,0.3086416348209599
250362.70288554666,3688337.09920812,1.0084324799481883
250362.63844424576,3688337.493685632,0.8747236997591955
250362.51507975976,3688337.8741536452,0.29053114563490784
250362.36417354766,3688338.242928104,0.2208691668841261
250362.1738774883,3688338.594756419,0.26887659687400245
250361.97612211233,3688338.9421823476,0.1829637585321843
250361.76439184556,3688339.281509,0.2409643121917048
250361.5408776947,3688339.61321741,0.10442728785236892
250361.3047519999,3688339.935415905,0.41019334461244816
250361.0408582716,3688340.235898204,0.5947421036060452
250360.7571221079,3688340.5112978993,1.5154377638330372
250360.47244190492,3688340.792045706,0.29078923352443675
250360.17092269723,3688341.0546809495,0.10275879418362342
250359.8717800529,3688341.319858363,0.056493272081259614
250359.56737115476,3688341.578561074,0.49148209199943654
250359.27023649155,3688341.846093862,0.04100881356839063
250358.97318973858,3688342.113749564,0.40512553356257497
250358.66410940044,3688342.3673907835,0.1428217619848607
250358.35751355535,3688342.6243031244,0.2994060292033064
250358.04987424263,3688342.879580926,0.6303079004921717
250357.7523007359,3688343.1463054195,0.5251363001104501
250357.46209065412,3688343.4208118147,0.23857487737711286
250357.16136480347,3688343.6842762018,0.5103045030876988
250356.8649461478,3688343.952454101,0.45614382972086787
250356.55872876538,3688344.2096969797,0.5879454559888451
250356.26715188308,3688344.4833755707,0.1327388608532788
250355.96484699362,3688344.745231879,0.7475602215950308
250355.68435994638,3688345.030292394,0.49879254508957444
250355.39452358356,3688345.3058678648,0.5795907287321515
250355.1091355244,3688345.585876059,1.596228884555073
250354.81391259428,3688345.8546854514,0.9976260985648515
250354.51599957419,3688346.121606274,0.23448867095441808
250354.21923327932,3688346.389697052,1.161710640700556
250353.9004086254,3688346.6310806456,0.39125287767333533
250353.58030260832,3688346.8707940243,0.8753803564971275
250353.22885194415,3688347.061496401,0.8659026499601991
250352.84838890986,3688347.1845357395,0.3232111751694525
250352.4597080861,3688347.2788086673,0.8650650944005074
250352.0604814597,3688347.302297627,0.016454703207182095
250351.66255775563,3688347.2729809145,0.3555819888055573
250351.26520107518,3688347.232565184,1.142620738749252
250350.88419965844,3688347.10963896,0.09462786944709205
250350.5126487674,3688346.9622090356,0.08653238519389252
250350.15108922197,3688346.791743397,0.2960693124682262
250349.80474880352,3688346.5913352054,0.3629688572607241
250349.47599668993,3688346.364594994,0.11357930846661016
250349.15486757696,3688346.126748469,0.0641584834553827
250348.84440069957,3688345.874605749,0.34149185041617225
250348.5585796619,3688345.5948878564,0.44462760883199626
250348.2908229592,3688345.298948614,0.07931344357075162
250348.01959212785,3688345.0053911027,0.21402778156191155
250347.75255684197,3688344.7084257924,0.4479516666220395
250347.5027873297,3688344.3968655854,0.38124987156533924
250347.2579831844,3688344.080627071,0.6501680444712151
250347.0074419912,3688343.7694520094,0.8169046837981483
250346.7376602056,3688343.474559078,0.6297559243900381
250346.49236413225,3688343.158733603,0.0907909522867945
250346.23749704057,3688342.850439423,0.17553337714514694
250345.97137754777,3688342.5518308273,0.8110907079113431
250345.71082812303,3688342.248926795,0.45061844084384034
250345.43396260036,3688341.9603524436,0.4387060961178884
250345.1695290517,3688341.6603104076,0.2633368953596962
250344.90099614667,3688341.3638470587,0.0007350548603590127
250344.63254818827,3688341.067311199,0.025877493159066862
250344.36635997,3688340.768741311,0.004376167911370484
250344.10120383895,3688340.4692557654,0.00753572224891741
250343.83745317732,3688340.168530918,0.033244319872989515
250343.57637264387,3688339.865485076,0.013864726975759082
250343.31567325525,3688339.5621123444,0.027358100996933508
250343.0568883364,3688339.257102793,0.013933780801611981
250342.79939713524,3688338.9510018607,0.0069367405089643215
250342.5429555965,3688338.6440201644,0.017249477861268906
250342.2877674503,3688338.335995817,0.014496348884351768
250342.0339505104,3688338.026840796,0.003629400176616912
250341.78068940862,3688337.717230477,0.012894218163195312
250341.52854091406,3688337.4067127234,0.0017868952876198324
250341.2772661935,3688337.095489214,0.003926327120012558
250341.02638176345,3688336.7839492084,0.00977781714777467
250340.77637640273,3688336.471704573,0.03495710894953841
250340.52601558607,3688336.15974484,0.01166100279929658
250340.27649135477,3688335.847114406,0.01245459350195441
250340.02696229998,3688335.534488112,0.0015825064023795216
250339.77742136538,3688335.2218712987,0.005868928904581586
250339.5280935864,3688334.9090845883,0.0011695858829956847
250339.27850714544,3688334.5965040107,0.012665127524065909
250339.02861117412,3688334.284170743,0.006971966649641703
250338.77819931533,3688333.972251334,0.029705182188963015
250338.52815457067,3688333.660038188,0.013396781121801572
250338.27701489933,3688333.348703816,0.0016188089874510643
250338.02582483334,3688333.037410654,0.009885503414053773
250337.7736214254,3688332.726937705,0.0022278370797911046
250337.52111042888,3688332.4167148755,0.0021155987200112813
250337.26875685912,3688332.106364054,0.01214910109185583
250337.01567733623,3688331.7966059023,0.014029015025287021
250336.76404313272,3688331.4856636603,0.044714237203892
250336.5072995671,3688331.1789599466,0.11586786562461293
250336.25686523144,3688330.867083333,0.18793751319603955
250335.99921147,3688330.561137557,0.05090384518512993
250335.7460107811,3688330.251517383,0.09674893300031354
250335.4920116906,3688329.942533023,0.04470772284414139
250335.23823735668,3688329.63334565,0.03727941617742792
250334.98587961114,3688329.323010265,0.29324131635027034
250334.72930532316,3688329.016223062,0.07061485341734108
250334.4755782304,3688328.7069939636,0.09468704244548057
250334.22478330412,3688328.395382486,0.1328625419291888
250333.96459118387,3688328.0915917386,0.06403536960564327
250333.7060624216,3688327.7863671063,0.026466883417577036
250333.44281729817,3688327.4851770857,0.5057830509637896
250333.19621248564,3688327.1702944515,0.008713920885237867
250332.94374646345,3688326.860061064,0.04661069646849711
250332.69023424876,3688326.5506802145,0.0014382647214601846
250332.43817253085,3688326.2401037854,0.005001193463448508
250332.18634781378,3688325.929333459,0.2869241762875074
250331.93191875896,3688325.6207470074,0.019994623548465235
250331.67942570572,3688325.310542971,0.03694396943262563
250331.42712066742,3688325.000184334,0.1019918960765662
250331.17019924778,3688324.6936157225,0.07473178052195814
250330.9119730867,3688324.388162398,0.08262996102632664
250330.65753021397,3688324.0795268645,0.10719046544151987
250330.39154089158,3688323.780927801,0.06640425130273087
250330.13364354245,3688323.475572501,0.013646421206100507
250329.88794635487,3688323.1599540017,0.045344806038836505
250329.6298308184,3688322.8544814815,0.09766747464348326
250329.3769650057,3688322.5446682377,0.024768980458590942
250329.12316940463,3688322.2356029917,0.01203105589473602
250328.87252331007,3688321.9240834103,0.17754000782151425
250328.6256624612,3688321.609344501,0.019415509529564213
250328.37647863667,3688321.2964426144,0.06008435636158282
250328.12961595634,3688320.9817249654,0.13701508420425443
250327.8782107,3688320.6706061163,0.21049542552569453
250327.6196715711,3688320.36538735,0.03110885924466327
250327.35947148196,3688320.06157911,0.11335155726330251
250327.10773742432,3688319.7507817787,0.07521680327015653
250326.85526952276,3688319.4405396823,0.16745843179834982
250326.59950744305,3688319.1331136925,0.47439839478216267
250326.3496433803,3688318.8207947826,0.008520448613162396
250326.09482399342,3688318.512465225,0.03420333072927252
250325.8361199231,3688318.2073907116,0.03827672435431894
250325.5927676254,3688317.890794885,0.1998352043485675
250325.34136715278,3688317.580352153,0.6337829563557558
250325.0892206001,3688317.2698840518,0.1446829693329617
250324.8374489176,3688316.9590926543,0.3055962452844887
250324.57639174102,3688316.656417931,0.37137335920083414
250324.33399068835,3688316.338236247,0.016639942131889754
250324.08893628293,3688316.0221962165,0.2054895894632242
250323.84432401403,3688315.705703097,0.20191620084576042
250323.60860252858,3688315.3825459704,0.09284826272546678
250323.3663169768,3688315.0642446796,0.18737547222339543
250323.11214143122,3688314.7554392028,0.18894276147240655
250322.86819063404,3688314.43842919,0.18109873660840572
250322.6093094801,3688314.1336024245,0.14669693629632818
250322.35030517328,3688313.82878138,0.16585355129071103
250322.0970214692,3688313.519181551,0.3633432516463679
250321.827596542,3688313.2235375075,0.07788394534780374
250321.55773540543,3688312.9283391978,0.039393914417220004
250321.29410221186,3688312.627710927,0.10666504364231089
250321.04025938894,3688312.318634033,0.2660976343075114
250320.7711713601,3688312.0227998826,0.1883259765867836
250320.51696123657,3688311.7139362986,0.1601913905493025
250320.26619204893,3688311.4025470857,0.3730587467025073
250320.0018080844,3688311.102770491,0.5129789033197788
250319.76516083302,3688310.780743215,0.4681533135662773
250319.5112917523,3688310.4720055754,0.3207312723340757
250319.24204548198,3688310.1767754117,0.4558237393506819
250318.98729283857,3688309.8686033045,0.3011472881985661
250318.73530495283,3688309.5582011994,0.2715316169229638
250318.4805880307,3688309.249957684,0.4509005377393309
250318.24549970703,3688308.926310151,0.050041153124089494
250317.99793922252,3688308.6124319015,0.49638292920062377
250317.7247262072,3688308.3202222628,0.36401644981715864
250317.4370305335,3688308.0423522145,0.3588216967828085
250317.1656530095,3688307.7484682817,0.10164240816550993
250316.89885313413,3688307.450606269,0.07985117843070405
250316.62943452186,3688307.1550912256,0.07330432690822021
250316.36370984526,3688306.8562893644,0.29004296758644954
250316.1173821263,3688306.541105249,0.015986547877160303
250315.86865483216,3688306.2278307504,0.14872496452066383
250315.60893271965,3688305.9237256716,0.3858174197680911
250315.36456466877,3688305.607067585,0.2912668109786779
250315.1033973359,3688305.3040790716,0.0472197476233027
250314.8446412083,3688304.9991576313,0.39012385776853004
250314.60718492267,3688304.677233027,0.1408385590335182
250314.37616546766,3688304.350697816,0.22248182255784069
250314.12717169215,3688304.0376806012,0.19354024694934116
250313.8837482018,3688303.7202859093,0.06837652473632966
250313.62812147025,3688303.4127845126,0.22047093491998732
250313.35438707555,3688303.1211815597,0.1427138785606683
250313.07904601793,3688302.8311397224,0.33782710691893075
250312.7958526388,3688302.54877302,0.11388928907345251
250312.51273522896,3688302.2665594285,0.38103820787455467
250312.24866942802,3688301.9660792337,0.1446866902228703
250311.98507725922,3688301.6653375984,0.8460027842257154
250311.7068913871,3688301.378193237,0.14807622581565036
250311.42701374923,3688301.0924838986,0.09004320003593526
250311.13879775268,3688300.815183593,0.3759351403899323
250310.85064489406,3688300.5379581684,0.4112444361966732
250310.5712263099,3688300.251711408,0.3183189949977851
250310.30291011784,3688299.955496041,0.2662611536255337
250310.02319988492,3688299.669605644,0.07467881700071408
250309.74988497008,3688299.377544393,0.0415352018741982
250309.47777934498,3688299.084406071,0.28230766219814035
250309.21828759488,3688298.7801329643,0.2631745561689126
250308.94086645643,3688298.491933965,0.23446819526581056
250308.66017998706,3688298.2069598297,0.10802282072906468
250308.36887959627,3688297.932962849,0.180761331557912
250308.080818388,3688297.655456685,0.10380824641010247
250307.7982630309,3688297.372349433,0.07438674952370158
250307.5131008723,3688297.091895508,0.3894587443970144
250307.23350461866,3688296.8058614423,0.09284189346254218
250306.94378244347,3688296.530096866,0.05829454187323819
250306.65563476115,3688296.252545449,0.9617518649343055
250306.3622112696,3688295.9822765333,0.10354597698005565
250306.06752230122,3688295.7118563764,0.06847439254231046
250305.77574170753,3688295.438252482,0.10858778844261467
250305.48054711637,3688295.168359166,0.1547136267908375
250305.18128950035,3688294.9029981913,0.2695868519873699
250304.88174127665,3688294.637918477,0.1856597149516285
250304.58404109877,3688294.3707578834,0.027215377574184973
250304.28728445127,3688294.102559045,0.11767496933109212
250303.98740685542,3688293.8378536855,0.0835857969555837
250303.69031739267,3688293.5700736856,0.187025409820848
250303.39344927226,3688293.301989325,0.057445503576326974
250303.1003520475,3688293.0297934986,0.034893665921550104
250302.81112605555,3688292.753489744,0.03978028780686821
250302.5250943413,3688292.473874692,0.10829819861488275
250302.2437011081,3688292.189593001,0.02074945953376722
250301.9663921863,3688291.9013320985,0.011394274048486504
250301.6923706226,3688291.6099423543,0.0015708396710721315
250301.42263982104,3688291.314580669,0.01998569803564241
250301.15617279746,3688291.0162659776,0.022461917214335176
250300.8932366234,3688290.7148326407,0.007970202528770735
250300.63364203705,3688290.4105187436,0.019763461953491074
250300.3766225301,3688290.1040266696,0.10145691772552597
250300.1217999878,3688289.795704906,0.013897111848504182
250299.86953778905,3688289.4852814307,0.015458086591205386
250299.6183335694,3688289.174002322,0.09453927976753387
250299.36916005498,3688288.8610928166,0.007448801761339386
250299.12000929943,3688288.548165312,0.014716040103159139
250298.871435647,3688288.2347795954,0.04835240293161291
250298.6233368198,3688287.9210191183,0.03683794465856891
250298.3745310179,3688287.607817934,0.008344049578256024
250298.1246133009,3688287.2955043996,0.02584256872247765
250297.8744481669,3688286.983386369,0.08584491109653458
250297.62193478545,3688286.6731678173,0.04653184625756364
250297.36780684424,3688286.3642692263,0.0122631031146167
250297.11177511403,3688286.056945234,0.020292477024598615
250296.85334515854,3688285.751634201,0.05925031734508642
250296.58997499364,3688285.4506903146,0.48165098689794056
250296.32822651154,3688285.1492079957,0.631840029670239
250296.06715896635,3688284.8464342183,0.5570068075566937
250295.8068213256,3688284.5433435016,0.5828814918077178
250295.52887317634,3688284.255791298,0.025718351041944226
250295.25327328895,3688283.9664535006,0.43615315131983273
250294.99546150517,3688283.660732667,0.2708973530328049
250294.73933271656,3688283.353576296,0.34848646440625797
250294.4644763166,3688283.063025819,0.12298420812073237
250294.20293786924,3688282.7604425726,0.2004418895834978
250293.95132924622,3688282.4494932597,0.18314151569572035
250293.69690756107,3688282.1410471904,0.17181648334773128
250293.45432157864,3688281.8232563813,0.5258863535954331
250293.20031937087,3688281.514395771,0.6064146586348249
250292.93724663107,3688281.2138097114,0.4428628564935792
250292.682597599,3688280.9057140737,0.33832825936690086
250292.41296709195,3688280.6108417036,0.001963200503201703
250292.15478377047,3688280.306640192,0.21819512572255328
250291.889813945,3688280.008102533,0.8720583331725867
250291.6433752586,3688279.6933384524,0.39539000265212365
250291.3793947287,3688279.3930487973,0.5989810724999278
250291.13735460775,3688279.0747719547,0.11849799647962689
250290.8752493161,3688278.77343553,0.28422628984436954
250290.59557554766,3688278.4875360625,1.6821582360008935
250290.3508498229,3688278.1718432503,0.38477725975333776
250290.0829943959,3688277.8750036745,1.0167522638919646
250289.8555489632,3688277.5461035063,0.9017468100908457
250289.59529443216,3688277.2423751466,0.6032320108595909
250289.33089712236,3688276.9426749456,0.6584079327986531
250289.07312259232,3688276.6376421712,0.3431111886338883
250288.81324241083,3688276.3336710725,0.08171983299594836
250288.55397242543,3688276.029565804,0.31777168401401723
250288.29563518177,3688275.7250045235,0.6589450629300843
250288.03095430657,3688275.425856731,0.0013679559435656177
250287.76257444063,3688275.1299465224,0.9189193729491946
250287.51947806287,3688274.8136472306,0.1159006651645076
250287.27051195526,3688274.500707728,0.5272923938689408
250287.01323142165,3688274.1948225484,0.2823202179491808
250286.76264101925,3688273.883303471,0.2522654584292663
250286.50324745456,3688273.578949849,0.41167321324521156
250286.24866418904,3688273.270554476,0.2713191602625444
250285.99209783418,3688272.963889691,1.387572261100224
250285.73175924586,3688272.662006428,1.391065093842937
250285.46735468,3688272.3622470167,0.316528271750378
250285.22049302142,3688272.0476911245,0.14667821938943654
250284.96469905972,3688271.7401685836,0.3982832723753048
250284.6977775334,3688271.4422871466,0.2903277863053727
250284.44050690776,3688271.1361842616,0.8060006401946483
250284.18350171926,3688270.830007299,1.3186300042584618
250283.9273363547,3688270.5240974203,0.9430310098432995
250283.66744809088,3688270.220003306,0.12020371225060547
250283.41253900033,3688269.911780458,0.30062740121652015
250283.16319739577,3688269.5990181626,0.1294290873244264
250282.91417957906,3688269.2860542457,0.3316257842581323
250282.65758947554,3688268.979341225,0.3247960846867242
250282.39346839764,3688268.678936417,0.04331355707820479
250282.1328369959,3688268.3757309434,0.40521080902514894
250281.89490311852,3688268.0541224615,0.14691705749089562
250281.66262711192,3688267.728850585,0.5525191654238106
250281.40648953526,3688267.421405143,0.40411328442784056
250281.1397910184,3688267.124573241,0.29560379318837304
250280.91075717597,3688266.7968394556,0.4919106135917256
250280.64545303708,3688266.500421629,0.5347228406567934
250280.3931997313,3688266.190248598,0.26822596723430214
250280.12970314053,3688265.889408285,0.3456101156020459
250279.87079361823,3688265.5847210465,0.5577922091886324
250279.5984295406,3688265.292639245,0.47292166221076737
250279.31830817054,3688265.006996587,1.9097616741076657
250279.05969458536,3688264.7061495157,1.224491546925354
250278.79585656777,3688264.405678841,0.09288665770063959
250278.5449071593,3688264.0943966303,0.9261199237146016
250278.27065438413,3688263.803254158,0.23086758086459197
250278.0140128648,3688263.496632786,0.7010942659937653
250277.76862521673,3688263.181455207,0.39088887096502956
250277.52295188332,3688262.865931246,0.8252726893216846
250277.27161594,3688262.5552131,0.4351244209199992
250277.01305821995,3688262.250471192,1.073001171808555
250276.77427326317,3688261.9301324342,0.263132204388491
250276.52695483304,3688261.6160247982,0.6071463109391612
250276.26160291812,3688261.3167589735,0.050336893439563865
250276.00887470707,3688261.0067768903,0.010168770205138556
250275.75390738033,3688260.6987368334,0.17735501718931657
250275.4898781032,3688260.398362766,0.104435699309326
250275.24588086834,3688260.081033191,0.7081926331635269
250274.9749835188,3688259.789938179,0.29360303803844484
250274.72177741732,3688259.481284274,0.058372595280948535
250274.46977165298,3688259.1711625378,0.10836551716364783
250274.21401164235,3688258.8640360273,0.017267341861389948
250273.9457261625,3688258.568011014,0.004958908650206525
250273.6708355926,3688258.2776890276,0.36926523031498387
250273.4025639608,3688257.981571305,0.05343968888950746
250273.16480799182,3688257.659872989,0.877776072285736
250272.9137593335,3688257.349143985,0.10390902013105636
250272.6685088248,3688257.033304431,1.1233910999627057
250272.44266982444,3688256.7036439767,0.1969905178200677
250272.20421539317,3688256.3824370364,0.8297877681726633
250271.9782277156,3688256.0528375455,1.1619506202849161
250271.74283021953,3688255.730359312,1.524397622452144
250271.51260645164,3688255.403560611,1.2585780653620764
250271.2834302721,3688255.0764232487,0.2639641298371475
250271.02084185535,3688254.7747703013,0.5117818060921365
250270.78113383788,3688254.4547278685,0.8638114164329892
250270.51047067705,3688254.160836727,1.1918655157902756
250270.26013999234,3688253.8514201217,0.6952390319118996
250269.9981897813,3688253.5492647807,0.39538176614328174
250269.7370182592,3688253.2467596377,0.11194480597507024
250269.47768958236,3688252.9433037643,0.622501269397066
250269.212853489,3688252.643580854,0.07523320215075983
250268.96011897761,3688252.333698644,0.2142162276504449
250268.705925136,3688252.0253950134,0.10995540474797305
250268.4410399987,3688251.725918189,0.0805743742551025
250268.17717682786,3688251.4253330585,0.3408193965236005
250267.9251925424,3688251.114837859,0.09617607982192584
250267.66140892627,3688250.814551401,0.5045300841443504
250267.40284844404,3688250.5097036194,0.26717790271698194
250267.1360083562,3688250.211872675,0.04655186784903222
250266.87893109585,3688249.90552221,0.41972453754678396
250266.6013750585,3688249.619700547,2.2365183456336655
250266.3473439042,3688249.3130262746,0.27754495494082887
250266.0978939645,3688249.003296305,2.122977233867521
250265.8156233447,3688248.7201720676,2.513666312503705
250265.57311879355,3688248.4078653017,0.7321231763603979
250265.28876604346,3688248.1266343496,1.3266584120362164
250265.02678233394,3688247.8254583245,0.8998253293381833
250264.74958184874,3688247.5374786584,0.33115263317710625
250264.49490812694,3688247.2325459933,1.39851421233106
250264.22460079222,3688246.9375356743,0.0321098013647627
250263.97943913835,3688246.622251882,0.2273508374372231
250263.74894398655,3688246.295693762,0.15971483413768928
250263.5009209018,3688245.9822900416,0.6438328108541119
250263.2432588846,3688245.67811612,0.2865133521025295
250262.95832573425,3688245.3987484793,0.6069309268819346
250262.6774031347,3688245.1157896533,0.7994063747456297
250262.4075217993,3688244.8207110465,0.05917810445806758
250262.1223019967,3688244.540355343,0.025652113342639973
250261.83364714275,3688244.263443881,0.15570531093506243
250261.5364148192,3688243.995787207,0.45084816457496135
250261.2493341396,3688243.7176128402,0.0880462611444801
250260.95886730644,3688243.44265474,0.20544738586544295
250260.66397870955,3688243.172665841,1.1870380418902515
250260.38369824606,3688242.888231252,0.40593998871279163
250260.09510316822,3688242.6112967283,0.16449125118959615
250259.81224755858,3688242.328926387,0.32406868684455337
250259.53010073438,3688242.045481595,0.8774670670838205
250259.25035295796,3688241.7612079508,1.7432720546092286
250258.97776736054,3688241.46984909,0.7205281480703074
250258.71244458348,3688241.1705201776,0.01622551307118457
250258.44833941502,3688240.8701630104,0.5263920811667295
250258.18214897753,3688240.5727476077,1.0944300580252646
250257.92504131107,3688240.26651785,0.22806691980388571
250257.6525564566,3688239.9739506887,0.3682351600636594
250257.38049849484,3688239.6811125316,0.44207810021392235
250257.10888693947,3688239.388219049,0.5913480706419447
250256.83988069723,3688239.0925445957,0.17368730968590546
250256.56095277745,3688238.806035769,0.21635339445579543
250256.28352323797,3688238.517914584,0.13135857342839174
250256.00749812482,3688238.2284520334,0.053891433969447795
250255.73626277727,3688237.93444071,0.29925539858939426
250255.48913938145,3688237.6200290085,0.38760951006150757
250255.2284734387,3688237.3167716186,0.06516839338023488
250254.97026954524,3688237.011315904,0.20307546899677617
250254.71612979434,3688236.7028742395,0.7229618246021783
250254.45069986643,3688236.403971261,0.7523179858534188
250254.18897126016,3688236.1029490605,1.5418370596233861
250253.9195894341,3688235.8090240424,0.634208783217058
250253.64690240592,3688235.5164319756,0.8280320566130003
250253.39158585246,3688235.2088533943,0.12839367470212923
250253.14448263476,3688234.895334725,0.5158707932739605
250252.8974396984,3688234.5808179304,0.7046616016813786
250252.67359437954,3688234.249359497,0.931995848709398
250252.47684770176,3688233.9012302337,0.4691515147648234
250252.3020159524,3688233.5417265887,0.07274688288230383
250252.14703202937,3688233.173371431,1.6559889825159506
250252.06666620058,3688232.781625309,1.1567973316767317
250252.02625770218,3688232.383603736,0.6750624442556524
250252.05839943598,3688231.9860131135,0.7147146336459147
250252.1457371218,3688231.595906289,0.2926414812725692
250252.24700998276,3688231.209800873,1.0602760425645097
250252.38849421963,3688230.836400636,0.17334798322255537
250252.5410618014,3688230.4688410074,0.9056459984411175
250252.68801199307,3688230.097360193,0.7530499931772271
250252.89548037946,3688229.7559073055,0.061276414469451826
250253.11544823807,3688229.423283555,0.4299404019551238
250253.35430393557,3688229.1032559793,0.42741144578554324
250253.58159243848,3688228.776011277,0.44523930013762025
250253.83304820655,3688228.464743197,0.10408020197912399
250254.09562796744,3688228.1628277027,0.9553579583444531
250254.3926333607,3688227.8958565313,0.7766061893313326
250254.70135712117,3688227.6423516828,0.03268946080573126
250255.0085859135,3688227.386289426,0.1728542810066961
250255.31342059266,3688227.127742132,0.6047487254364576
250255.62633720372,3688226.8786655185,0.32799612582182147
250255.95648215085,3688226.6526626726,1.5195705917646323
250256.26371515964,3688226.3982260223,0.21032359290404695
250256.5741921537,3688226.146673325,1.4974342845760622
250256.8908526354,3688225.9031999,1.1877399578551866
250257.2007342186,3688225.650914786,0.24329760375617898
250257.50030436253,3688225.385917262,0.7474294644011725
250257.81705771273,3688225.141799803,0.11414002489990661
250258.11917831431,3688224.8796594576,0.2484205084436748
250258.43175604075,3688224.6301170243,0.43261325986444976
250258.7456533636,3688224.383084576,1.0572228856885084
250259.0370711796,3688224.109113537,0.3538605791084754
250259.3248609159,3688223.8327650297,0.47160995849721393
250259.61432183717,3688223.556709774,0.08828673985169329
250259.91310121008,3688223.2912004176,0.22939743116247788
250260.21014327186,3688223.023777894,0.32105531459333375
250260.51261417955,3688222.7628041725,0.06368372701884097
250260.83494183182,3688222.526634322,0.10319962350605849
250261.1608778895,3688222.296499672,0.5284919116581986
250261.5084118516,3688222.0978889433,0.47902711241528045
250261.8692418372,3688221.9252814427,0.3758538635940109
250262.24641361562,3688221.7937370595,0.5580557121793022
250262.6409301031,3688221.7282885155,0.7516255351537622
250263.03965539124,3688221.6978012295,1.4241991928361446
250263.4380227799,3688221.721503613,1.2687493817453264
250263.83171153368,3688221.7890352933,1.6521166933816882
250264.2046428996,3688221.9296258357,0.2180658470242109
250264.5772708818,3688222.073498853,0.22068658263490049
250264.9425235585,3688222.236275661,1.105367785749721
250265.3010708875,3688222.412270822,0.7079517620900018
250265.65313639338,3688222.6019087406,0.11466956001074707
250265.9940724815,3688222.8109606467,0.5371130394293019
250266.30354579454,3688223.0640767775,0.45127318898031976
250266.58057237277,3688223.352566868,1.0333308875885445
250266.84909640395,3688223.647169992,1.7025243636243301
250267.1328467404,3688223.9290513704,0.011195572921500698
250267.40427860973,3688224.2229088973,0.03396067959185102
250267.67165562804,3688224.52038464,0.07541067577857909
250267.93105190044,3688224.8248686753,0.0558746236197939
250268.18361822653,3688225.1351253977,0.037760523371080115
250268.43114328274,3688225.4493692517,0.036471231216651426
250268.6740405975,3688225.7671679184,0.03454840024688257
250268.9126425478,3688226.088213228,0.026158921270425715
250269.14787815386,3688226.411746125,0.017964540418628234
250269.38074544628,3688226.7369758408,0.0115558984762442
250269.6121056774,3688227.0632766355,0.004982026641510709
250269.8428445972,3688227.3900183644,0.0031977486476920856
250270.07400030165,3688227.7164634056,0.011119250816005627
250270.30655162482,3688228.0419148323,0.016114430914269447
250270.54120083188,3688228.365867342,0.021270251087072357
250270.77865210467,3688228.6877865763,0.02892165463134504
250271.01979624777,3688229.006916587,0.036117647328250554
250271.26522568517,3688229.3227398056,0.02870265316223228
250271.51430468028,3688229.6357747223,0.02127388994051092
250271.76697037375,3688229.9460023856,0.05814551779540143
250272.0267111271,3688230.2501824065,0.09573205717216093
250272.29263740013,3688230.5489895134,0.10879974758634307
250272.56412728498,3688230.842663733,0.22155437226958957
250272.83044684504,3688231.1411057487,0.026389888404448423
250273.09836442798,3688231.438114142,0.06883984514380412
250273.36057332228,3688231.740184411,0.04019085619374369
250273.62583893485,3688232.039572674,0.012075364123158586
250273.89340121998,3688232.336915898,0.11723682378562164
250274.15755814215,3688232.6372587634,0.1259015744971208
250274.4297732823,3688232.9303586576,0.1233660684620915
250274.69463800982,3688233.230099794,0.022891853519853768
250274.95592530753,3688233.5329656634,0.02335766049276883
250275.21452795062,3688233.838126646,0.038105162252617834
250275.4773899834,3688234.1396080093,0.06779580798112814
250275.7458142897,3688234.4361704886,0.041079473613615684
250276.0083945004,3688234.73790507,0.021267762530993693
250276.26960243657,3688235.0408287994,0.06077133754672978
250276.52979312514,3688235.344638767,0.005822826527882099
250276.787975193,3688235.650155239,0.012429641083080782
250277.04559019083,3688235.956150613,0.0262562676175867
250277.3053601987,3688236.2603204707,0.008449663964077076
250277.5625782398,3688236.566641932,0.03181908629548958
250277.8203894959,3688236.8724196954,0.06616422339011963
250278.08529169773,3688237.1721317815,0.07778358395842049
250278.34422251486,3688237.4770225203,0.02388058784851102
250278.59939100308,3688237.7850566627,0.0564232942198271
250278.85122831518,3688238.0958171813,0.006769085973711358
250279.10598021693,3688238.4042023397,0.24394094862495114
250279.3635399808,3688238.710115746,0.05853720205412496
250279.62516355317,3688239.012458225,0.5685441322977958
250279.87587970332,3688239.3239911506,0.21348356083734876
250280.13521656254,3688239.628509194,0.14392220164841849
250280.39712022676,3688239.9308207096,0.07743713020763571
250280.65836809788,3688240.2337373616,0.10890899685616091
250280.9115097484,3688240.5434095887,0.051659865017190776
250281.16366294996,3688240.8539203275,0.009778065751096635
250281.4155438765,3688241.1646559243,0.035502538625345706
250281.66746525705,3688241.4753551604,0.07107855585671022
250281.91190558524,3688241.7919666828,0.04010833678908108
250282.15529506395,3688242.10937235,0.08908260258821804
250282.404080921,3688242.4225904243,0.07927148882074732
250282.65421598233,3688242.734715232,0.1357930101670376
250282.8966302019,3688243.0529056326,0.03566362435894676
250283.1416962221,3688243.369038665,0.0021368225498317943
250283.38940974732,3688243.6831003977,0.03462144837725328
250283.64097740856,3688243.9940896877,0.004252763428585679
250283.8907643286,3688244.30650374,0.06180937100632853
250284.13404847233,3688244.6240131194,0.020766705751612713
250284.37682002646,3688244.941915337,0.030069762629660452
250284.61759345056,3688245.2613348262,0.12119555015411852
250284.86359473388,3688245.5767502734,0.07193125886615515
250285.1038246597,3688245.8965677293,0.08318587775707997
250285.34789536014,3688246.2134690904,0.010175177947608057
250285.5934249363,3688246.529245525,0.09235927687845025
250285.8378839863,3688246.8457949567,0.00573676885905873
250286.08133311349,3688247.1631567436,0.07370259209974328
250286.32943433282,3688247.47689353,0.07062131350811014
250286.58140053047,3688247.7875205185,0.0014525108209715691
250286.8386387473,3688248.0938192983,0.41673010585450565
250287.10546779164,3688248.391644604,0.09381125382968881
250287.36688343645,3688248.6943958094,0.03216514409089705
250287.633041954,3688248.992902763,0.06755046968689775
250287.90016278558,3688249.2904748484,0.16859762208234644
250288.15290951004,3688249.600475081,0.03136011683890316
250288.41441817087,3688249.902991324,0.10179994076248997
250288.679609974,3688250.202311231,0.17952987867710507
250288.95250021937,3688250.4946306557,0.051316252180744294
250289.22990468543,3688250.7827659072,0.6273850497680726
250289.49385155362,3688251.0831458634,0.799748723244192
250289.74621364727,3688251.393471413,0.20587526385130372
250289.99564925223,3688251.706158688,0.5791150428350675
250290.2596755851,3688252.006581708,0.13415665898782134
250290.5183024384,3688252.3116487865,0.2509343441443272
250290.77878750724,3688252.615175463,0.35307756297492754
250291.04401081573,3688252.9144056044,0.6822118777912402
250291.31749661439,3688253.2062933254,0.2549521561535161
250291.59099562888,3688253.498166196,0.055466037825331
250291.8574561075,3688253.796459384,0.5405970761724258
250292.13976227853,3688254.0798506746,0.096232218624731
250292.42432767185,3688254.3609582316,0.19535412295553495
250292.70131306525,3688254.6495350776,0.3287110266187512
250292.97235989914,3688254.9436589186,0.5313785376159065
250293.22461369907,3688255.2540813065,0.1914742442145345
250293.47890064723,3688255.562843977,0.0323053149717533
250293.73177414207,3688255.872762679,0.08282473516616928
250293.9860915566,3688256.181502785,0.01200836398353336
250294.2330167934,3688256.4960693917,0.020022519722898084
250294.47409509466,3688256.8152225493,0.18625722204178155
250294.7179753719,3688257.1321595847,0.1168861456359706
250294.95654824172,3688257.4531253437,0.05325638071084579
250295.2065953301,3688257.7653072644,0.15029245855534343
250295.4676161152,3688258.0683993404,0.2386371963352373
250295.73457411377,3688258.3662594263,0.5969017637329617
250296.00458424597,3688258.660991218,0.27486586750387043
250296.27258872322,3688258.9571001627,0.9586121896334121
250296.53698854448,3688259.257173161,0.02238800412260244
250296.8119295403,3688259.5476969783,0.04254575893565053
250297.08887876608,3688259.836310865,0.04813687963661391
