INDEX,L1_UTM_X,L1_UTM_Y,L1_KAPPA,R1_UTM_X,R1_UTM_Y,R1_KAPPA
0,250297.35679999995,3688260.1149999998,0.016442541079093487,250298.71679999997,3688258.635999999,0.0044808954578913615
1,250297.63475912673,3688260.40393943,0.02874189466514675,250298.99376385435,3688258.9260115055,0.0052108345784958356
2,250297.91284566117,3688260.6927566533,0.006534569171238699,250299.2707792004,3688259.2159735034,0.002177370386458624
3,250298.18847149884,3688260.983903271,0.04117517802949807,250299.54712696455,3688259.506571023,0.03690416243166573
4,250298.45577369817,3688261.282715721,0.2419146079442282,250299.81751237504,3688259.8026970425,0.04556882457283372
5,250298.7264627123,3688261.5784686697,0.5143602211895396,250300.0855125371,3688260.100988517,0.012531453896352872
6,250298.99840532127,3688261.8727398193,0.003317002422019635,250300.36250639043,3688260.3909745747,0.44291561785143196
7,250299.25368833827,3688262.1818897286,0.05842246856736194,250300.6214427163,3688260.697061871,0.0161053477305979
8,250299.5125622209,3688262.4880271205,0.3884109647046764,250300.87724878459,3688261.005879219,0.02749122745529548
9,250299.78394066737,3688262.7831362598,0.03252701318423507,250301.14399161734,3688261.305192979,0.17387979440253407
10,250300.05229765104,3688263.0810029157,0.3855707809217012,250301.41269604402,3688261.6028557345,0.01680316379052109
11,250300.3069092939,3688263.39072053,0.06215725802410322,250301.67496508794,3688261.9061318836,0.011349658194793394
12,250300.5562211988,3688263.704684092,0.03634704582500267,250301.92978201486,3688262.2157884906,0.10970192888261204
13,250300.80488786395,3688264.019175886,0.1339748904337672,250302.17747901552,3688262.531157287,0.002286308442496976
14,250301.0611121422,3688264.3275553943,0.015397253106941183,250302.42869623154,3688262.843697548,0.0054900941675062685
15,250301.3228941825,3688264.6311904327,0.07141567293098831,250302.68523256877,3688263.1519331825,0.1745197800628378
16,250301.5887377429,3688264.9312962503,0.3999989184885757,250302.9501579849,3688263.4529716177,0.12491766900189191
17,250301.85112969132,3688265.2342689265,0.01713443012156879,250303.21139043593,3688263.757131704,0.38267615749994327
18,250302.12373198176,3688265.52824002,0.2741026031126415,250303.48393370718,3688264.051223191,0.1278216209181638
19,250302.38555961422,3688265.831885661,0.06763854047395601,250303.74899120093,3688264.3520960757,0.028913318851501838
20,250302.63535203328,3688266.1450635768,1.0089778692184912,250304.01313296426,3688264.65389557,0.8140785859889706
21,250302.89918828226,3688266.4468414537,0.3631288360741997,250304.2657748235,3688264.9645352955,0.5068272711545986
22,250303.1562101881,3688266.754473146,0.3001078949016726,250304.52610579296,3688265.2695381674,0.3523729996576768
23,250303.41044479673,3688267.0644322233,0.19214609371992647,250304.78188963074,3688265.578340052,0.24560883667111255
24,250303.66807523818,3688267.371628675,0.12148070799646264,250305.03437965564,3688265.8898786637,0.05841268472308451
25,250303.92267457335,3688267.6812172793,0.08146610243350283,250305.29501676868,3688266.194637417,0.24507364947291263
26,250304.18108063095,3688267.987598144,0.2422510681377101,250305.54397505257,3688266.5089992257,0.41246297005548654
27,250304.45093954806,3688268.2840189193,0.14833217907501645,250305.8142975972,3688266.8050958836,0.2877696887666803
28,250304.7025432866,3688268.5961387735,0.3991760985304965,250306.07510401914,3688267.1096597994,0.2943052778264842
29,250304.97156940773,3688268.8934232453,0.28710298678616175,250306.33172727545,3688267.4175485196,0.013834361788045868
30,250305.22364506643,3688269.20516983,0.1615430768250335,250306.59667158604,3688267.718510948,0.22206214783186634
31,250305.48274940273,3688269.511082463,0.24887482976508585,250306.8476391586,3688268.031274046,0.10020969192584032
32,250305.74853761293,3688269.811158369,0.3757176398310609,250307.11358864047,3688268.3313689083,0.37981961200230097
33,250306.01181815309,3688270.1133554704,0.3203110735022102,250307.3796616267,3688268.631316903,0.5306092706327625
34,250306.2807674053,3688270.4107116414,0.1656376284020409,250307.64112109403,3688268.935287636,0.04542770753353983
35,250306.5399020508,3688270.7161635533,0.32644763160183843,250307.91241742583,3688269.230635185,0.5974873418382862
36,250306.80688899496,3688271.0151177654,0.33591785569912613,250308.16638101437,3688269.540933797,0.34282445324430216
37,250307.05910379702,3688271.3267100086,0.09608332680250893,250308.43335237325,3688269.840086022,0.27164866363487394
38,250307.31215142322,3688271.637650588,0.28064068264717124,250308.68261062965,3688270.154222786,0.09473094835700649
39,250307.5737221434,3688271.9414329077,0.14870420569233364,250308.9417721238,3688270.4600883243,0.24322661183812075
40,250307.81927939662,3688272.258377217,0.0008765078371192502,250309.19674540474,3688270.769552402,0.0298247768622003
41,250308.07303110912,3688272.5686594173,0.19839929356294503,250309.44094136794,3688271.0876463,0.43148722203800866
42,250308.3229826924,3688272.8821345856,0.030453760354929714,250309.6974420794,3688271.3958910103,0.1641918014678873
43,250308.56466627726,3688273.2019614168,0.0013444241829002666,250309.9468154372,3688271.7099369136,0.19881227908880714
44,250308.80093570924,3688273.525876874,0.03281703277073708,250310.18634707713,3688272.031528729,0.005058801030479298
45,250309.03815867685,3688273.8491160446,0.1533310131794414,250310.4227625162,3688272.355446335,0.04677282516562567
46,250309.29743075007,3688274.15467798,0.03383488594643349,250310.6600285732,3688272.678741651,0.7345418022777689
47,250309.56635398735,3688274.4520209786,0.16217454455576424,250310.9279955884,3688272.9770758646,0.01975358866449527
48,250309.83207059445,3688274.7520652954,0.14291047795637296,250311.19960683625,3688273.272092843,0.4963986784540262
49,250310.0864772408,3688275.0618357644,0.007925404641420766,250311.46000516828,3688273.5770565476,0.3212682845889037
50,250310.33374817076,3688275.3774343026,0.00961751975731034,250311.70962402044,3688273.8909032405,0.004301510805965064
51,250310.58709156327,3688275.6881419015,0.044705387444916665,250311.9568346165,3688274.206660223,0.27036404435924877
52,250310.85027469244,3688275.9904593714,0.17885012518057733,250312.21278149483,3688274.5153778116,0.34371627739044613
53,250311.12262484868,3688276.2846221016,0.018257157715066172,250312.4860227744,3688274.808860252,0.2965443896166979
54,250311.3880226066,3688276.5851361016,0.0005456789614210685,250312.75224321787,3688275.108763749,0.012863623765334464
55,250311.6539404585,3688276.8851856054,0.015609888942317627,250313.01823715534,3688275.408868574,0.014342543298764264
56,250311.91731078917,3688277.1873901137,0.2732838569551481,250313.28376451926,3688275.709388951,0.16259445139422452
57,250312.17620869653,3688277.4933438324,0.09042153887418151,250313.53946909544,3688276.018056489,0.7013353488821061
58,250312.44703938632,3688277.788956727,0.05083425720991081,250313.8068116433,3688276.3169691386,0.2006256755786034
59,250312.7053793353,3688278.0950917066,0.18597960167512834,250314.0795763032,3688276.6109085553,0.6782878531928329
60,250312.95382542894,3688278.409559255,0.4713379159832723,250314.33174808795,3688276.9226848343,0.6618446791352601
61,250313.2155963761,3688278.7132371287,0.07858078779891933,250314.58454511894,3688277.2335755024,0.1980206617895902
62,250313.47238731373,3688279.021030207,0.26619212987896496,250314.8400041016,3688277.542603531,0.4892522747999983
63,250313.72519805032,3688279.3322029426,0.11235556591037157,250315.0955696797,3688277.8514941623,0.3008798875174288
64,250313.97392246072,3688279.6466688095,0.2139795291797456,250315.3505681094,3688278.1609923844,0.1508145671470445
65,250314.23732622707,3688279.9488037457,0.2915660681882166,250315.60085899968,3688278.4742757175,0.4332986934295371
66,250314.4915371799,3688280.258860522,0.016936245843920162,250315.86307067328,3688278.777584438,0.0004716279983022577
67,250314.7480950488,3688280.5668300735,0.23328764176992856,250316.11779934066,3688279.0873062937,0.1964323119625681
68,250315.00311685447,3688280.8757891157,0.09340320324155231,250316.38069006926,3688279.389897311,0.5265603294107394
69,250315.25257959048,3688281.189567506,0.14783457992937155,250316.62576159713,3688279.7072348916,0.41931600150782355
70,250315.50017772,3688281.504910703,0.04505813169528962,250316.87633975057,3688280.0203137044,0.07626309033900848
71,250315.7572210236,3688281.81255188,0.08793884692874529,250317.12542123772,3688280.3345947773,0.176434845732793
72,250316.0230815362,3688282.1126721655,0.053655421311002906,250317.38862220602,3688280.637111004,0.07418053766252036
73,250316.28197513238,3688282.418761227,0.09500138309210471,250317.65258082762,3688280.9389994997,0.1798002524412832
74,250316.53671944205,3688282.7282597455,0.11983761075001138,250317.91072432618,3688281.2458841545,0.015110735965592644
75,250316.78254844912,3688283.044945467,0.1856215950150568,250318.15937601434,3688281.560338291,0.2838638807471599
76,250317.02418045184,3688283.36486736,0.1330884655249752,250318.40568527434,3688281.8767763632,0.1124600472864308
77,250317.27616996958,3688283.676754773,0.16548937719905368,250318.64991747795,3688282.194771144,0.004440126586489071
78,250317.54534163358,3688283.973749875,0.17231389035917452,250318.90584911875,3688282.503432686,0.3570406364810147
79,250317.80723691027,3688284.277216604,0.10004742334850997,250319.17730109638,3688282.798580596,0.22580564049074398
80,250318.06728125477,3688284.582360344,0.13591134643124408,250319.43672986215,3688283.104378666,0.010777663243133123
81,250318.31688047052,3688284.896147835,0.1506059864976945,250319.69315886695,3688283.412655482,0.0448013301462666
82,250318.57890706894,3688285.199555113,0.20874730868344943,250319.94424439975,3688283.7253056886,0.3126680088620108
83,250318.82868230826,3688285.5131073776,0.10369363661713471,250320.2068780469,3688284.028326407,0.22709509516033202
84,250319.07984916843,3688285.825609876,0.17175099976659688,250320.4540150438,3688284.3441428505,0.1357555381963737
85,250319.32106715927,3688286.1458471203,0.20367763030978048,250320.70495948676,3688284.656911837,0.23875472075220483
86,250319.577856008,3688286.4537170525,0.05484452358199484,250320.94686675028,3688284.9767035525,0.2564872854672776
87,250319.84501984686,3688286.7526358203,0.02940044553558693,250321.20892238742,3688285.2802479384,0.10596164102752183
88,250320.11031607183,3688287.0531771937,0.09148960875440343,250321.47952969922,3688285.576190998,0.1993973347803716
89,250320.37965240792,3688287.3500405336,0.26223218226063755,250321.74176002902,3688285.8795642457,0.286437929245716
90,250320.63908581433,3688287.655698409,0.19841061378534883,250322.0088566505,3688286.178592213,0.03550134518254239
91,250320.91137007478,3688287.950003506,0.14817722561911137,250322.27346672246,3688286.479823584,0.060418564686176776
92,250321.1693605234,3688288.25671212,0.08330073870780604,250322.5438624028,3688286.7759379004,0.19915283132677067
93,250321.41891590733,3688288.5704652015,0.034016519672589805,250322.79400288546,3688287.0893142913,0.04082100221509099
94,250321.66562866955,3688288.8864392405,0.31469790997777314,250323.04704590174,3688287.4003086737,0.3368621265125982
95,250321.9198243253,3688289.1961315335,0.2404622823210535,250323.2941803864,3688287.71603718,0.3739304203691359
96,250322.16385946842,3688289.5141793117,0.0874651671307849,250323.5407870002,3688288.031560532,0.4038550155088836
97,250322.41143379782,3688289.8295174567,0.04577883626976057,250323.79026465723,3688288.3454823685,0.18921674549545148
98,250322.66159218573,3688290.142833656,0.09583285692656736,250324.03798983805,3688288.6608125223,0.08562060235959777
99,250322.908758742,3688290.458568719,0.4515255112238875,250324.289853356,3688288.972856643,0.05595272988017911
100,250323.1687912139,3688290.762438888,0.21659499773328691,250324.53754758197,3688289.287737802,0.7891399003806601
101,250323.42514572732,3688291.070289122,0.0987627750571601,250324.789210424,3688289.598329638,0.99191214099587
102,250323.685484111,3688291.375119777,0.001401576689813175,250325.05571671017,3688289.8981397403,0.07426423346770267
103,250323.94084775526,3688291.684155288,0.03050724189148711,250325.3135317601,3688290.205239194,0.1560628196475095
104,250324.20639017728,3688291.984320956,0.22142693778670752,250325.5681330712,3688290.514909815,0.4861101658827198
105,250324.46327277023,3688292.2919783643,0.3400196862290243,250325.83837220003,3688290.811171633,0.3033773334338439
106,250324.73388067345,3688292.587664242,0.14216843882266356,250326.09671905838,3688291.1177799944,0.225396016540327
107,250324.99820831156,3688292.8891449883,0.1671080978662835,250326.36558659954,3688291.4152384764,0.04051783656564778
108,250325.25191579206,3688293.1995633855,0.09019419721564007,250326.62682931253,3688291.7194429566,0.16274311410904974
109,250325.5167886509,3688293.500409741,0.22624224693089875,250326.8817788628,3688292.0289735748,0.2185653307838294
110,250325.79578616668,3688293.7882686444,0.19929033294929735,250327.1595201062,3688292.318137112,0.21052375607432253
111,250326.05171403885,3688294.096772819,0.09677684465307125,250327.427535896,3688292.6163944053,0.0974600829074037
112,250326.30110574223,3688294.4106093394,0.2831134317323669,250327.67587113022,3688292.931138722,0.1267389541087994
113,250326.56488019213,3688294.7123110835,0.10803153950976167,250327.93571287466,3688293.236294365,0.131655339428666
114,250326.8210475841,3688295.020660946,0.06286273118770927,250328.19017248327,3688293.5459745084,0.296503567811952
115,250327.0835892367,3688295.3236338226,0.0288674667092179,250328.4538988873,3688293.8480700874,0.0920509841457553
116,250327.34604025938,3688295.626703999,0.08605692273026941,250328.71363013968,3688294.1535942457,0.11594266157802027
117,250327.6097030689,3688295.9287323044,0.14515689954623737,250328.97706293582,3688294.455954639,0.02813527385281929
118,250327.87096939288,3688296.2327480065,0.15427445003554396,250329.24032355103,3688294.758449023,0.047011234948972476
119,250328.1399975466,3688296.530033553,0.11896068724439109,250329.50717263186,3688295.0576945846,0.10323757258588971
120,250328.4134113189,3688296.8232445484,0.16001425500908628,250329.7767301368,3688295.354584627,0.06064731975060084
121,250328.68352058125,3688297.1194853517,0.02363465677864169,250330.04856834371,3688295.649395571,0.029488432204709168
122,250328.95822112836,3688297.4115019925,0.03244704231986306,250330.32164530712,3688295.9430543226,0.004189608479112833
123,250329.22955764903,3688297.7066057464,0.11065601721382495,250330.59656175348,3688296.234996167,0.16247575516547347
124,250329.5007487427,3688298.001626695,0.007688344662201749,250330.86361266868,3688296.5341469087,0.24040569998895692
125,250329.78293633455,3688298.286489119,0.2804103754127716,250331.14526576275,3688296.819597889,0.12350307021567047
126,250330.0542737935,3688298.5814710353,0.11960726253149723,250331.41952351463,3688297.1121650357,0.020848582848327742
127,250330.34193136884,3688298.8607128407,0.17031474418959103,250331.70236863624,3688297.396185537,0.054859368671927054
128,250330.61835185898,3688299.150843334,0.042241725089487314,250331.98674195216,3688297.678620567,0.1985791042487862
129,250330.88337344487,3688299.4516840987,0.02638725132535153,250332.25162811935,3688297.979720915,0.009194573310180951
130,250331.14183389477,3688299.7581533166,0.20874430953319226,250332.5163069728,3688298.2809969764,0.14608286826040762
131,250331.40584433352,3688300.059940845,0.5720694366084037,250332.77223581893,3688298.5896542384,0.19373770356514644
132,250331.6349881365,3688300.388747103,0.19992717000711485,250333.03058193528,3688298.8961963993,0.3717111664522596
133,250331.8735302877,3688300.710941049,0.03287400743164573,250333.2560356759,3688299.227869496,0.14696208186940868
134,250332.12751630115,3688301.020812606,0.39735096353157623,250333.4890460424,3688299.554331244,0.3039204978330137
135,250332.38717835254,3688301.325900221,0.2500975190158404,250333.7436753943,3688299.8637547423,0.10343228957409312
136,250332.63808334,3688301.6383700166,0.08061796262929832,250334.0012123578,3688300.170837776,0.41437297811293283
137,250332.89241413865,3688301.948180957,0.10457871272185074,250334.23958696367,3688300.493401586,0.20627100713843508
138,250333.15156098356,3688302.2540835184,0.03219932771413362,250334.49158933485,3688300.805255658,0.08626549345877657
139,250333.40751494342,3688302.5626598406,0.1925734587953007,250334.74398600633,3688301.116880074,0.10138768530007713
140,250333.6479301096,3688302.883510484,0.1864497283231452,250334.98805827112,3688301.4350295016,0.16898777426921777
141,250333.89888028754,3688303.1961807683,0.1681612593121055,250335.21928599747,3688301.762614761,0.14220926613911306
142,250334.16478616672,3688303.4961904255,0.12042021228929528,250335.4646083814,3688302.0797934127,0.15986217530378735
143,250334.42953458586,3688303.7972737188,0.17125658862982152,250335.72156162406,3688302.387692215,0.002756553363413313
144,250334.69911790005,3688304.0940203024,0.16313543236257474,250335.97939512812,3688302.69482708,0.06646206162278437
145,250334.9731683943,3688304.386645375,0.19379549065743085,250336.23776643773,3688303.0014635115,0.1143067862020239
146,250335.2475126831,3688304.678797487,0.05858173048416574,250336.50411497187,3688303.3012918043,0.13815059126454082
147,250335.51113885685,3688304.980869793,0.18227969712421857,250336.7587350764,3688303.6110342722,0.03279235330575874
148,250335.77049402898,3688305.2864646465,0.3133616854845052,250337.01183805362,3688303.92211824,0.28281651180206496
149,250336.03561041734,3688305.5871563163,0.16322522794027758,250337.2523055388,3688304.242579333,0.3030099422210654
150,250336.29924173962,3688305.889158852,0.03737428134575931,250337.5035036274,3688304.5551848277,0.09831814089245083
151,250336.56453230238,3688306.1897924207,0.5101908779492266,250337.75666018674,3688304.866131299,0.14247466592888955
152,250336.84705604866,3688306.4741538456,0.25776441772765374,250338.01210495917,3688305.1750739715,0.23488790026397957
153,250337.13335198924,3688306.7546558646,0.33411620772706135,250338.28684353238,3688305.467261723,0.17392809145525223
154,250337.3992758687,3688307.054699064,0.39022645957763025,250338.5424769353,3688305.7760696197,0.11715784981610641
155,250337.6813032986,3688307.3395770304,0.4414922213291554,250338.8034977591,3688306.0803388297,0.08522055014538728
156,250337.95718820565,3688307.629683657,0.04927714405523452,250339.06955605172,3688306.3804349652,0.295355057697751
157,250338.22146347756,3688307.9311391297,0.0515020110437279,250339.3140287811,3688306.6980612734,0.2219573049791458
158,250338.49736065246,3688308.2220301772,0.28015930102104514,250339.56816117422,3688307.00821768,0.06637015645136989
159,250338.7710033799,3688308.514444394,0.058245541588841064,250339.8319758862,3688307.3103078394,0.359606254001787
160,250339.04214682576,3688308.809545417,0.5391668958140573,250340.07528771687,3688307.6289272746,0.3422037428624366
161,250339.3008789104,3688309.115683221,0.11084875177693707,250340.32960186215,3688307.938829952,0.2119092569242368
162,250339.5627951041,3688309.4192796038,0.5126581938702384,250340.5670371014,3688308.2620350514,0.0570984098477505
163,250339.83740488676,3688309.711146234,0.19261625215451517,250340.81792353452,3688308.5747731086,0.17232370888378543
164,250340.11252330107,3688310.0027589416,0.2118684803562361,250341.06791186632,3688308.888230437,0.18948975442710633
165,250340.40233554042,3688310.279781542,0.07432004276438726,250341.33384893314,3688309.1883301893,0.031210439072787956
166,250340.68815603526,3688310.5609228504,0.12550531493076672,250341.6039143386,3688309.4847605107,0.10014689770436286
167,250340.97182657733,3688310.844170024,0.04749773630682638,250341.86570697493,3688309.7885383894,0.11654478213190073
168,250341.25946419325,3688311.1234766156,0.0083829308697623,250342.13398898134,3688310.0865928098,0.03939187436927475
169,250341.54899928183,3688311.400812687,0.3157187961366022,250342.40205747075,3688310.3848345075,0.018393063821540507
170,250341.81630948654,3688311.6992944865,0.022168888386788026,250342.66462151887,3688310.687845468,0.2862260980687815
171,250342.06805724106,3688312.011342361,0.17568803357232302,250342.90057190985,3688311.0120705967,0.0899927157491736
172,250342.3262863692,3688312.318034852,0.1150108424138711,250343.13023090086,3688311.3407919486,0.059403078175358386
173,250342.59238161682,3688312.617912926,0.12595361363934693,250343.36841379353,3688311.663401331,0.05358180365568368
174,250342.87246976767,3688312.9047301817,0.17448464863745125,250343.61852402624,3688311.9767806707,0.09545184944165244
175,250343.14428243676,3688313.199387852,0.3770530472007914,250343.8772915821,3688312.28312772,0.18746977321714892
176,250343.41295122996,3688313.496556823,0.25597631054205433,250344.12716432757,3688312.5967643415,0.2053410930552713
177,250343.6817090813,3688313.7929261373,0.7067241520056673,250344.3612586092,3688312.92234066,0.714395979625336
178,250343.95282339008,3688314.088163282,0.11902456094876127,250344.61737272955,3688313.2304133475,0.01289608838936188
179,250344.22744337944,3688314.380272423,0.3190207731044494,250344.86690392785,3688313.544348599,0.08430826690575723
180,250344.4968191464,3688314.677193969,0.34040218387277743,250345.1170422236,3688313.857742313,0.12240867697343276
181,250344.76491270223,3688314.97520169,0.3706793210004329,250345.3617452607,3688314.17539094,0.2776436167108205
182,250345.03231869437,3688315.2738670763,0.273274022879444,250345.60809676818,3688314.491693395,0.16168776491809778
183,250345.28937103503,3688315.581496889,0.24616426702006872,250345.85361065192,3688314.8087247354,0.274676071021402
184,250345.5501066374,3688315.886071832,0.43343447464624696,250346.08612131438,3688315.1354035973,0.06984851502232423
185,250345.81652702478,3688316.1854879935,0.29736846371831194,250346.3296560886,3688315.453922203,0.343199235165219
186,250346.09391568913,3688316.4747517724,0.09084672324232454,250346.5715730972,3688315.773547804,0.2581129600788198
187,250346.37250252304,3688316.763052474,0.3707950890206433,250346.8332336733,3688316.077465145,0.08633885534484854
188,250346.6554531648,3688317.047025795,0.06356128216199956,250347.0933140834,3688316.3826745586,0.14878747018511485
189,250346.94052113747,3688317.328880834,0.04146023488570956,250347.35313767748,3688316.6881166804,0.1389210411539488
190,250347.2260519545,3688317.6103163552,0.22279932099597513,250347.62120368532,3688316.9863729076,0.1139699093937371
191,250347.51145421472,3688317.8918424174,0.09061376824258754,250347.88662971396,3688317.286968346,0.19737528824926942
192,250347.79608141037,3688318.174066606,0.058059559664404514,250348.14685509418,3688317.592073235,0.20341871445554094
193,250348.08605198754,3688318.450946308,0.05248656139612663,250348.41780256885,3688317.8877008585,0.018950467078944676
194,250348.368670774,3688318.735305642,0.06220298457416388,250348.68472221133,3688318.1869582552,0.04128887280097468
195,250348.64499631,3688319.0258086785,0.03756308568301476,250348.94276617706,3688318.4939097245,0.033763547155852905
196,250348.9197564989,3688319.317794543,0.1774367572665334,250349.19880154,3688318.8025539936,0.03332834453640459
197,250349.18173519964,3688319.6212405176,0.032704076833642653,250349.44895425282,3688319.115957678,0.11131145716969239
198,250349.44425284825,3688319.924188724,0.026859187463651044,250349.68648234403,3688319.4390654047,0.25084616122093356
199,250349.71198031373,3688320.2226538393,0.2714787917254174,250349.9370420025,3688319.7520991596,0.004503270434825075
200,250349.98000084297,3688320.5207653116,0.09015874212007269,250350.18261145797,3688320.0689518745,0.23690704713831645
201,250350.24682895737,3688320.8200071235,0.019095749984778913,250350.4243965137,3688320.3888343023,0.02785562493454914
202,250350.51403473364,3688321.118914731,0.09392944145075993,250350.66732065898,3688320.707899728,0.023042854372041194
203,250350.7811914998,3688321.417869517,0.012646115004284607,250350.91042904096,3688321.0268263984,0.01559809773641324
204,250351.04951944752,3688321.7157736807,0.022230073359955273,250351.15496151024,3688321.34466175,0.038289320623934586
205,250351.31773867886,3688322.013775706,0.025770163462118696,250351.39970410342,3688321.6623345744,0.007322546662278502
206,250351.58624932703,3688322.311515359,0.04785610072021242,250351.6448913245,3688321.979664604,0.017611900888817558
207,250351.85485483365,3688322.609169306,0.008859498932008401,250351.89183623067,3688322.2956289314,0.02262903775098741
208,250352.1232929362,3688322.906973967,0.020701453920992624,250352.13909274174,3688322.611349988,0.02886769430752551
209,250352.39232772661,3688323.204241052,0.0013093934371191563,250352.3879651874,3688322.9257994196,0.001593775473871649
210,250352.66123567367,3688323.501622706,0.0029051011786438694,250352.638061892,3688323.2392727733,0.016816595101677642
211,250352.93002917396,3688323.799107887,0.0013093961200728419,250352.88928632988,3688323.551845164,0.046341124563556955
212,250353.19828567203,3688324.0970749077,0.028841692543493516,250353.14203209136,3688323.8631887203,0.04728144559284767
213,250353.46677472288,3688324.394832932,0.052741008216442294,250353.39626224508,3688324.1733215232,0.02952709976652097
214,250353.73514617566,3688324.692695392,0.05124931740522219,250353.65200927402,3688324.48220539,0.006331089119400747
215,250354.00346580223,3688324.9906079583,0.002823841969066063,250353.90902974055,3688324.790028308,0.051835656714104644
216,250354.2717135409,3688325.2885852787,0.002429864874143807,250354.16715885288,3688325.0969213718,0.02110722612744004
217,250354.53998413577,3688325.586542023,0.002896165764307716,250354.4271371436,3688325.402251262,0.024941090695067412
218,250354.8081401391,3688325.8846018845,0.052700500559451295,250354.68856380205,3688325.7063434776,0.009006471766807566
219,250355.0768585337,3688326.182153844,0.009944303615445068,250354.95081195474,3688326.0097269993,0.037734532343805575
220,250355.34570681135,3688326.479586755,0.0006735284630876599,250355.2149164684,3688326.311495911,0.004958055471372986
221,250355.61457276178,3688326.7770041674,0.0268526633583076,250355.4799961159,3688326.6124075297,0.02049605745564799
222,250355.88418812864,3688327.0737443124,0.04851075696116867,250355.74635438982,3688326.912188928,0.0241613171721876
223,250356.1542463827,3688327.370077412,0.03703113132048569,250356.01423810734,3688327.2106059976,0.039145846837778935
224,250356.4243531418,3688327.6663709395,0.0221482611269619,250356.28300631404,3688327.508227365,0.0002471677292734436
225,250356.69546487584,3688327.9617443094,0.03889193038043352,250356.55289828643,3688327.804831349,0.0015377942616696548
226,250356.9669400442,3688328.2567836447,0.0411366532956974,250356.82382138065,3688328.100492321,0.00520864485280677
227,250357.2400825791,3688328.550279612,0.013895190861190955,250357.09603344125,3688328.394968643,0.0036749918631901407
228,250357.51397276967,3688328.8430775045,0.0023932763926447407,250357.36902527174,3688328.6887212857,0.022555511548743398
229,250357.78877908306,3688329.135017013,0.0036388095726675044,250357.64360817688,3688328.9809885086,0.007286917136946136
230,250358.0647273399,3688329.4258760135,0.0009242645370576675,250357.91875198507,3688329.2727275374,0.03961913877546287
231,250358.3419217922,3688329.7155493363,0.014317674165658897,250358.19563010917,3688329.5628207917,0.008598450182198134
232,250358.62072569845,3688330.0036723968,0.005358653657819021,250358.4734344256,3688329.852026422,0.02236170921473461
233,250358.90045082622,3688330.29090267,0.05806683398518034,250358.7529497461,3688330.1395798093,0.003347650006507672
234,250359.18249331956,3688330.5758487703,0.04566313548572479,250359.0336544685,3688330.425970205,0.05221977588866398
235,250359.46566359967,3688330.859354612,0.4190679911673889,250359.31522640132,3688330.7115484676,0.1074278351946445
236,250359.74914518776,3688331.142015962,0.3563016712405987,250359.60768113198,3688330.9851260222,0.8091631199574142
237,250360.02568489444,3688331.431557587,0.4672847632546774,250359.88377227323,3688331.2761647375,0.11162964109924739
238,250360.28482142978,3688331.7372607617,0.0815033111102858,250360.1428065134,3688331.581260462,0.5431826055675131
239,250360.55443317816,3688332.0334231397,0.20449137744082568,250360.41598431053,3688331.8749782927,0.11319756746677281
240,250360.81437002617,3688332.3385005826,0.5083260627193458,250360.6737249196,3688332.1814645166,0.37005723223698933
241,250361.06241850278,3688332.653123813,0.08649922519895607,250360.92859039354,3688332.490789909,0.24196108768239763
242,250361.30667321346,3688332.970755876,0.19967128969898815,250361.18334847144,3688332.7999708275,0.3616896486211053
243,250361.5436460313,3688333.2940232377,0.2702914213143165,250361.42282971027,3688333.1217227983,0.27310499588996257
244,250361.79346190876,3688333.607351986,0.25347651880708133,250361.65814126495,3688333.446149779,0.2863375918012847
245,250362.02297808853,3688333.9358243304,0.7415803719519702,250361.90898368307,3688333.758969597,0.5050313668393219
246,250362.25551823902,3688334.261615609,0.10223980339088097,250362.13967556928,3688334.0865676096,0.5927257194158975
247,250362.4669175816,3688334.6023484194,0.45596015125718903,250362.3568659714,3688334.423347928,0.05532130679081998
248,250362.63280049493,3688334.9670061516,0.6096934430625685,250362.55329732952,3688334.7725452757,0.3644050393340923
249,250362.75383899687,3688335.3492666576,1.019706347508573,250362.68892489135,3688335.149498327,0.36780305582533507
250,250362.82253473822,3688335.7440823466,0.13419175355344753,250362.78994368363,3688335.536755765,0.0028523308546188056
251,250362.8297676912,3688336.1434771335,0.812107979539895,250362.84332032377,3688335.93425888,1.3304411544285466
252,250362.7867333387,3688336.5415130393,0.949556140152015,250362.81988392817,3688336.334480184,1.2585382723910783
253,250362.73987044007,3688336.939479441,0.6181232039007556,250362.77077692706,3688336.73219221,0.4732900621832548
254,250362.67240717128,3688337.334243683,0.6884518393529913,250362.69811410748,3688337.126211216,0.9887343013210537
255,250362.56231826817,3688337.7190974443,0.326223086126382,250362.63035479386,3688337.520994892,0.7261890875452555
256,250362.44026547167,3688338.1006246773,1.1030782789631886,250362.50725424415,3688337.9026976237,0.030518433031302993
257,250362.24983004297,3688338.453681651,0.028054132045326072,250362.34941545886,3688338.269715954,0.166549274416603
258,250362.06030288857,3688338.806922155,0.41602620834920584,250362.1594758608,3688338.622846007,0.11308336019950896
259,250361.8502897904,3688339.148507582,0.16938078855298294,250361.95906612472,3688338.969933613,0.12915177604173747
260,250361.62693415416,3688339.4814174655,0.16342083900123597,250361.74550906237,3688339.3092834796,0.17012464711006944
261,250361.40500036653,3688339.8152360274,0.5753437610945992,250361.52243741744,3688339.642512678,0.048459722391011394
262,250361.13657721307,3688340.112925083,0.6558904370502376,250361.28072185468,3688339.961707515,0.3271052577590298
263,250360.8807003089,3688340.4176847134,0.764322976441066,250361.0210932561,3688340.2672521127,0.3034169753451729
264,250360.58795165495,3688340.690841896,0.6291796735508356,250360.73078070112,3688340.538185641,0.9375601524581654
265,250360.28190784386,3688340.9496653033,0.39455320943590094,250360.44228900253,3688340.816276078,0.09721489038502032
266,250359.983673744,3688341.217360217,0.45460925670343577,250360.1423942401,3688341.0823061964,0.3776918947254187
267,250359.68261411448,3688341.481385136,0.3410785949230611,250359.84294795006,3688341.3486661096,0.45871803977807596
268,250359.38648371326,3688341.7514953786,0.5827026053474591,250359.53722999291,3688341.6074762573,0.24971059452214753
269,250359.0806984082,3688342.010387122,0.16405482014293934,250359.236499527,3688341.872380382,0.37022474625314145
270,250358.7786908138,3688342.2736035604,0.24829369895670336,250358.94087209826,3688342.1432482232,0.5765883888824916
271,250358.47127236376,3688342.5309687043,0.14615630701549504,250358.6300714637,3688342.3965098197,0.031446346013100056
272,250358.16757713148,3688342.792674653,1.0265429152970327,250358.3225854022,3688342.6539404644,0.4741436337553801
273,250357.8625935155,3688343.0516539933,1.0145170306255853,250358.01268859193,3688342.9079548484,1.3029736185922343
274,250357.57160397037,3688343.3268992896,1.1402426417551765,250357.7164095937,3688343.177879641,1.1161199378902915
275,250357.26427636883,3688343.5843660347,0.6811278289499835,250357.4236122764,3688343.451083808,0.06408613012728662
276,250356.96617706266,3688343.8521673637,0.9445147947152902,250357.1247520261,3688343.718131561,0.9219610951180097
277,250356.6683016797,3688344.120042585,0.07502496619443932,250356.82826131379,3688343.987713106,0.8382015550222879
278,250356.3714394857,3688344.3890700424,0.4206251914461625,250356.52014523812,3688344.244366731,0.6403588407552268
279,250356.07297916742,3688344.656769596,0.3723015072808545,250356.2279318403,3688344.518943997,0.15622627456273455
280,250355.78124240733,3688344.931005156,0.16662856835723291,250355.9248746343,3688344.781362434,0.8204342153439574
281,250355.4924970646,3688345.2089512236,0.27410325228823995,250355.6444147916,3688345.068022866,0.3479375182757118
282,250355.20374397142,3688345.4870209233,0.3002882951438411,250355.3533262811,3688345.3437892403,0.2673893046494632
283,250354.90750071203,3688345.755899411,0.7553013569300733,250355.065653825,3688345.62261728,0.786247621175218
284,250354.61624251353,3688346.031204911,0.12476415117337225,250354.771800681,3688345.894578949,0.6027763065287216
285,250354.31903955337,3688346.300410454,0.1502393903088734,250354.47159966725,3688346.160506287,0.004453121561689177
286,250354.0039468208,3688346.5473904246,0.28389490300567477,250354.17099487,3688346.425364219,0.509599808354345
287,250353.68760499597,3688346.79385363,0.26939857552363516,250353.85187395167,3688346.668127873,0.1418837000729739
288,250353.34653235623,3688347.0037891464,0.3876876221438899,250353.5272330961,3688346.902921029,0.49376436419663
289,250352.97393222878,3688347.1498562275,0.32630558830663764,250353.17015091237,3688347.0846328572,0.5753128906766076
290,250352.5859465182,3688347.2507035085,0.3241647010018497,250352.7860099184,3688347.1994332867,0.012359301648560118
291,250352.18900514193,3688347.298191621,0.0403848359478308,250352.39511408328,3688347.2878295467,0.76185527958494
292,250351.788952109,3688347.2915929477,0.30771341300668403,250351.9942747441,3688347.305147053,0.5809434244275982
293,250351.38980073584,3688347.2521608947,0.8767141052983077,250351.59584880265,3688347.2650497127,0.5008390842521562
294,250351.00384830465,3688347.148000279,0.1798470292645522,250351.19943796887,3688347.2139907414,0.6175224616127036
295,250350.62747035164,3688347.011051764,0.10182818408229832,250350.818250795,3688347.0884649255,0.5073205308421358
296,250350.26034345917,3688346.8500417992,0.3693063792243984,250350.44762104994,3688346.9356380766,0.20540758056330974
297,250349.91260358412,3688346.650659343,0.4007067297837049,250350.0892446853,3688346.7563092653,0.24215863129974374
298,250349.57764532327,3688346.431927558,0.9312808805200281,250349.74211513225,3688346.5552825443,1.119338830708926
299,250349.2509334551,3688346.2004289394,0.4017821937671779,250349.4136273211,3688346.326009114,0.8503957592599964
300,250348.93637284814,3688345.9519906626,0.11699196716229986,250349.095216134,3688346.082436043,0.40107176780993764
301,250348.6441613376,3688345.6779989805,0.5463440601141426,250348.78804618135,3688345.8246648484,0.7503391019765967
302,250348.37625153083,3688345.3804286793,1.6501469826237203,250348.5054302997,3688345.540152342,1.2301847245000785
303,250348.09558561895,3688345.0946950978,0.09722326210568166,250348.2332871797,3688345.247009607,1.0590238931599807
304,250347.83777993568,3688344.787724972,1.167431781324372,250347.96982628768,3688344.9447839567,0.35822612604589466
305,250347.5698942877,3688344.490805526,0.07323333537110785,250347.69595399525,3688344.6528129503,1.2756146174087764
306,250347.3255404277,3688344.1731322375,0.4734493777361055,250347.4539787401,3688344.333047418,0.4795326938578949
307,250347.0720009594,3688343.8630482513,0.9890025150236325,250347.20662090537,3688344.0175211537,0.8674014305780514
308,250346.81264215097,3688343.558612765,0.5639082045168604,250346.95662654622,3688343.70479706,1.2812225286068382
309,250346.5632217518,3688343.2450703965,0.3602860524345872,250346.68597040823,3688343.409057224,0.4161582536672197
310,250346.30749926742,3688342.9362563756,0.02631703764158177,250346.4379929032,3688343.0940189036,0.02661604314258779
311,250346.04493737366,3688342.633337028,0.12939006634213826,250346.1824434817,3688342.7849942604,0.250236220211915
312,250345.7869901614,3688342.326867654,0.4448231648966751,250345.91759229903,3688342.484026995,0.1912354990536526
313,250345.51079423315,3688342.036209642,0.14645388584812802,250345.65132844867,3688342.1846313295,0.11392271230849386
314,250345.23900157982,3688341.7416900084,0.017153410164216145,250345.37300173737,3688341.8960852474,0.3613355461154355
315,250344.9723919719,3688341.4423000533,0.010138534202037816,250345.11002093393,3688341.5933357426,0.13286586094323405
316,250344.70279583082,3688341.1455485174,0.043107654920637596,250344.84002403758,3688341.296812332,0.004187960745912925
317,250344.43567150738,3688340.8465639274,0.0027013835762042257,250344.571151439,3688340.999283124,0.020679196448348116
318,250344.16945982745,3688340.5467667156,0.019476747831216085,250344.30437434034,3688340.699874316,0.01134235874639943
319,250343.90474393757,3688340.2456469545,0.026787651020589113,250344.0392396509,3688340.3990111602,0.005507691539916786
320,250343.64242216936,3688339.942441531,0.0037984415795044206,250343.7753600657,3688340.097045198,0.01685677722345295
321,250343.38092037346,3688339.6385269323,0.042009809958177886,250343.51316537018,3688339.793616114,0.004512430852893926
322,250343.12126875643,3688339.3330301093,0.004447870831750054,250343.2521782289,3688339.4891473833,0.002433937703783395
323,250342.86268423442,3688339.0266302624,0.01679964554337705,250342.99230910305,3688339.1837244662,0.01335041013451044
324,250342.60552022269,3688338.7190362196,0.010550978392702736,250342.73356140402,3688338.8773496007,0.035575409282264374
325,250342.3493732273,3688338.4105952624,0.010261845252071506,250342.475929736,3688338.5700360085,0.00025298981009148956
326,250342.09471442056,3688338.100924648,0.004254534221054292,250342.21858067604,3688338.262486024,0.006230714460148691
327,250341.840610898,3688337.790797806,0.015043038482947989,250341.96162806006,3688337.9546043486,0.026201479622080602
328,250341.5878074799,3688337.479610157,0.01194711375203002,250341.70561011223,3688337.6459453884,0.00804039856149289
329,250341.33549049194,3688337.16802915,0.01182260058797638,250341.44904172563,3688337.3377434546,0.0178264233345464
330,250341.0842137587,3688336.855607151,0.006020660044445759,250341.19244089574,3688337.02956948,0.022468526144991667
331,250340.83326046725,3688336.5429267003,0.008602137453796012,250340.93528748924,3688336.7218560935,0.007391891937308755
332,250340.58228833223,3688336.2302609356,0.030955364081398675,250340.6778889803,3688336.4143474717,0.0054920182635098
333,250340.3322316429,3688335.9168616747,0.002155548736176137,250340.41935196775,3688336.107795312,0.0014544616059988203
334,250340.08213840864,3688335.6034918507,0.008248993236043526,250340.1604777242,3688335.801527389,0.016321559880489122
335,250339.83188325688,3688335.290251262,0.006942248319059522,250339.89993224476,3688335.496681409,0.003787176522751664
336,250339.58208870527,3688334.9766432545,0.009044418638372142,250339.63777153168,3688335.1932229707,0.01635767608259999
337,250339.33189697133,3688334.663351913,0.006610838591685275,250339.37474538456,3688334.8905171184,0.022461822859128535
338,250339.08144013392,3688334.3502725633,0.0037146729251804683,250339.1097221967,3688334.5895534893,0.02004734390762878
339,250338.83058366543,3688334.037513644,0.014086192494168584,250338.8430780831,3688334.290027556,0.011094899991944332
340,250338.580070738,3688333.72447964,0.026103204109295106,250338.57520179375,3688333.991602229,0.03293398549183158
341,250338.32834108235,3688333.4124223855,0.0036668123766064927,250338.30483968253,3688333.69542634,0.008167964141710997
342,250338.0767133674,3688333.1002833643,0.012037887918503312,250338.0330218279,3688333.4005882074,0.0020683702277689326
343,250337.82407863846,3688332.7889587735,0.0033597324019439064,250337.75969800891,3688333.1071439814,0.016886867275219784
344,250337.5709904101,3688332.478002705,0.0012144950775133873,250337.48383276857,3688332.816081596,0.1622223828863249
345,250337.31803399004,3688332.166939457,0.0061110348341467694,250337.2126048574,3688332.5207238165,0.24258524591796699
346,250337.06448771668,3688331.8563566315,0.008688252975615433,250336.92678368164,3688332.239442245,0.1508967532450274
347,250336.81177844683,3688331.5450930526,0.03219267379973837,250336.6450629707,3688331.954071729,0.15522528579688782
348,250336.55601514946,3688331.2363703162,0.053957361529878095,250336.3581865659,3688331.673888207,0.004747235795622427
349,250336.30302589192,3688330.925373219,0.06900934782674377,250336.07377757147,3688331.391179023,0.03658490064550464
350,250336.04706089417,3688330.616825182,0.004527651849751435,250335.78871116613,3688331.1091315886,0.1857311516093715
351,250335.79082332843,3688330.30849911,0.05166371238489074,250335.50283867613,3688330.8279377436,0.23194570234622564
352,250335.53723982937,3688329.997982232,0.11670650198762601,250335.2195604561,3688330.544085071,0.05277638451083761
353,250335.28330981443,3688329.6877151146,0.012490450628118906,250334.93796284663,3688330.2585736895,0.13088689782461158
354,250335.0305470351,3688329.37648771,0.255049146566605,250334.65259903352,3688329.976828892,0.01167973738038764
355,250334.77202905502,3688329.0701093767,0.07710440999129961,250334.36868896236,3688329.6935990104,0.15326559295435718
356,250334.51889809466,3688328.759181301,0.026557736719188412,250334.09399405622,3688329.40149647,0.04848698099451655
357,250334.26700069156,3688328.447272471,0.10803439061663586,250333.8204602008,3688329.1081132744,0.06275014654393885
358,250334.00764897335,3688328.1415559542,0.08317254918627143,250333.54429663523,3688328.8180502304,0.36130289621399103
359,250333.74799360574,3688327.8360629934,0.00035451375934491636,250333.27424585694,3688328.5217260807,0.07702057553929323
360,250333.48476146063,3688327.533608935,0.2673591793864792,250333.0083899599,3688328.2215668648,0.45198981078052997
361,250333.23596803177,3688327.2193702557,0.14057875880043416,250332.73348435338,3688327.9296416733,0.03514013071294904
362,250332.983922098,3688326.907577504,0.16366455181804532,250332.46048673062,3688327.635919668,0.04505906262401816
363,250332.72833571714,3688326.598692362,0.048938659195867325,250332.18564477953,3688327.3439078145,0.24633876719800465
364,250332.47668834665,3688326.286578965,0.04702715032393425,250331.90507381503,3688327.0576162203,0.2420057406220362
365,250332.2239190257,3688325.9753688453,0.17171934751622545,250331.6288746647,3688326.766969199,0.09299772577726519
366,250331.9679952186,3688325.666797904,0.11323438473797427,250331.35411257946,3688326.4748079227,0.6812825054101457
367,250331.71677855102,3688325.354341348,0.08284985480610575,250331.06319355237,3688326.1990004834,0.19519995532912665
368,250331.4626899992,3688325.0442473534,0.11788992095518053,250330.77196756616,3688325.923323938,0.1362465944526942
369,250331.20651287716,3688324.7358440915,0.08369759879429878,250330.49421098855,3688325.634499664,0.0382885099058674
370,250330.94677589776,3688324.430443411,0.001970252059592874,250330.2114585623,3688325.3502830253,0.35463831167457444
371,250330.69111623845,3688324.1215986805,0.03518894221199173,250329.93233957817,3688325.062374867,0.21348320622736824
372,250330.4282815799,3688323.819026754,0.11719178828884141,250329.64774594974,3688324.7798470757,0.1823510492076694
373,250330.16527247414,3688323.5168372,0.06034598044519752,250329.36246588567,3688324.498127135,0.14924863082421844
374,250329.91962937397,3688323.1999619687,0.047828575524913396,250329.07882314202,3688324.214660195,0.2725735077925604
375,250329.66336096785,3688322.8917073477,0.05215975214524654,250328.7981394471,3688323.9283102676,0.10532016675050145
376,250329.40682175366,3688322.583734848,0.0691139070481735,250328.51029007902,3688323.649182028,0.10018122058105007
377,250329.1549348184,3688322.271922872,0.11652983501579323,250328.23056937658,3688323.3618614334,0.9337505576499601
378,250328.90098251996,3688321.961875638,0.03649671818409313,250327.92873982544,3688323.09804595,0.7745318184068382
379,250328.65427407908,3688321.6458257404,0.0046956509570587465,250327.6640493127,3688322.7967338962,0.12257648384066581
380,250328.40487948834,3688321.331900818,0.025832819991393984,250327.38648249386,3688322.507504553,0.16991952901833257
381,250328.1575790109,3688321.0163325295,0.21971465537988716,250327.1144463226,3688322.213067013,0.07083540830661059
382,250327.90564214592,3688320.7044433984,0.15016858356006388,250326.83976462387,3688321.9210135792,0.44531386239189885
383,250327.6472629992,3688320.3978827414,0.026694787555957254,250326.5749121655,3688321.6198886726,0.03736907247685437
384,250327.38686060248,3688320.0930230333,0.034229846659997204,250326.30918146746,3688321.3195539583,0.029018969244841708
385,250327.13299202,3688319.7827843805,0.04683579590966194,250326.04367196484,3688321.0190356215,0.028405389083852473
386,250326.88000823112,3688319.4717621775,0.2803696071401575,250325.7723829472,3688320.7237457475,0.01093922116621188
387,250326.62475606502,3688319.162694277,0.29627519785953005,250325.4930586904,3688320.4360100864,0.056666611145122725
388,250326.37396083688,3688318.8499524407,0.07982167477459878,250325.21983778826,3688320.1426164648,0.016829673436144558
389,250326.11849207262,3688318.5409457423,0.0004811609516565568,250324.95173906643,3688319.844421031,0.00820781640140306
390,250325.86080417965,3688318.233794815,0.28918748618617585,250324.68027424297,3688319.5493402556,0.14563990073782807
391,250325.61228606384,3688317.920150802,0.07491635436883333,250324.41221687527,3688319.2510885466,0.03717256818267295
392,250325.36400260407,3688317.6060417616,0.390565227509009,250324.1441285002,3688318.952818978,0.5450111226416621
393,250325.11075257836,3688317.2952886247,0.02800688206679439,250323.86985816152,3688318.6607547477,0.48374563605323145
394,250324.8583497227,3688316.9838072457,0.278207604164876,250323.61381506757,3688318.3526060577,0.43647046929789607
395,250324.5949092524,3688316.6818081248,0.5647001255087978,250323.34821182577,3688318.052164375,0.0687464763171268
396,250324.35343374073,3688316.361744765,0.08706278046316179,250323.07961253784,3688317.754415627,0.23511227325418035
397,250324.10672208568,3688316.0458170283,0.17874619820260085,250322.81456026575,3688317.453851732,0.026928056900989282
398,250323.86149207543,3688315.728617414,0.1793298876742493,250322.5569763907,3688317.146565582,0.16344866357973176
399,250323.62523283486,3688315.404700026,0.10052128591740417,250322.3048526386,3688316.834731491,0.07990164945134587
400,250323.38257657108,3688315.0855111317,0.12937297549876733,250322.05525067408,3688316.52090836,0.07076716267119677
401,250323.12836658958,3688314.775545996,0.19861525824093013,250321.81071145934,3688316.2030843804,0.059449741137075275
402,250322.88345333815,3688314.458113255,0.1518920802831751,250321.55359016178,3688315.8954160535,0.07285205597187258
403,250322.62498804217,3688314.1517316196,0.17768922846710614,250321.2995989127,3688315.5851091356,0.09533155960218978
404,250322.36504417483,3688313.8464807793,0.165802070185986,250321.03615587007,3688315.2829398117,0.08994472042781691
405,250322.11143119587,3688313.5359340305,0.3243174589589882,250320.77019253207,3688314.982828445,0.13568454124704196
406,250321.84172415212,3688313.2393027972,0.08205224235757237,250320.50825785744,3688314.679339561,0.2984695193114241
407,250321.57168836467,3688312.9429987785,0.0038281159278611534,250320.2334926466,3688314.387239742,0.14526661504450686
408,250321.3061192915,3688312.642821484,0.1431973723721364,250319.9539199894,3688314.099880989,0.3381109963124746
409,250321.0524753527,3688312.3323571617,0.26532042680343565,250319.69274731522,3688313.795576278,0.020506523267528706
410,250320.78228762967,3688312.0362374894,0.24244736468894426,250319.42763013687,3688313.494869473,0.04706571031989655
411,250320.52734592522,3688311.726761945,0.1459435320294967,250319.1608278245,3688313.1956658056,0.019782095943659813
412,250320.2767490713,3688311.4139852165,0.43868788702822087,250318.90607445,3688312.8859819286,0.10232617253575543
413,250320.01040466875,3688311.11460603,0.5618420556955303,250318.64055286313,3688312.5857142927,0.19973534063904577
414,250319.77455701926,3688310.790722422,0.6182856361134783,250318.38758964813,3688312.274833203,0.09578628744054048
415,250319.51892234132,3688310.482272652,0.2651506650404963,250318.13930265396,3688311.9601315036,0.12976160065665054
416,250319.25016229684,3688310.1854055882,0.44165912446898503,250317.8856273349,3688311.6499393242,0.4052415271490591
417,250318.99457025496,3688309.876728476,0.3859667175927167,250317.61747282022,3688311.3518719366,0.057240081641344864
418,250318.74144221193,3688309.566063341,0.2644421759425633,250317.36016670582,3688311.044304974,0.1842263377575541
419,250318.4859460146,3688309.2572343317,0.4912937452728725,250317.10945065122,3688310.7313665706,0.09831451396932223
420,250318.25043596167,3688308.9327366063,0.06867152776439102,250316.8590547418,3688310.4182343325,0.12156668254097266
421,250318.00287175947,3688308.617636601,0.5509499887678793,250316.6234539455,3688310.0936138607,0.3219892282584459
422,250317.7290710088,3688308.324701764,0.36859253794387015,250316.36206141431,3688309.789737536,0.10450246658018762
423,250317.44071871383,3688308.046167804,0.36768959454721234,250316.0771152874,3688309.507922843,0.290038815565892
424,250317.16870353752,3688307.751603574,0.11928063684982328,250315.805533196,3688309.213128634,0.16145412497308997
425,250316.90106450475,3688307.453243416,0.0719773131752488,250315.53332418442,3688308.918723865,0.28817336256212117
426,250316.63115311318,3688307.1569171147,0.0737774254199116,250315.27466488886,3688308.612294977,0.24078538203336275
427,250316.36468242988,3688306.8575275512,0.29530551780575987,250315.004732462,3688308.3156980528,0.11118552308770652
428,250316.1177795319,3688306.5416088887,0.016163671082032816,250314.7506443792,3688308.0055538346,0.03928298245037714
429,250315.86847127654,3688306.2276042053,0.14920687879810807,250314.5066605669,3688307.687300633,0.006509944985575444
430,250315.60817546764,3688305.9227634543,0.38253567279021183,250314.26164507767,3688307.3698393917,0.2772436452958045
431,250315.36317033172,3688305.6054211208,0.28683067556494835,250314.00717648835,3688307.0599202034,0.24138871733718856
432,250315.10143650335,3688305.301689741,0.03665220025972869,250313.7656473988,3688306.7398105296,0.20591997206360146
433,250314.8421787922,3688304.9959757505,0.3760610683304899,250313.5109035257,3688306.430107566,0.02475960571820393
434,250314.60434170076,3688304.6731727854,0.13384837828793847,250313.25713693572,3688306.1196088884,0.15218766011994908
435,250314.37262325612,3688304.3459912073,0.22401563009358935,250313.0166359279,3688305.7987259263,0.06899550487542769
436,250314.12302715148,3688304.0322608543,0.17982566276129489,250312.78715679844,3688305.469871826,0.0829687890955043
437,250313.87892229762,3688303.714215199,0.062407850711953206,250312.55290555282,3688305.144599897,0.049158622174249635
438,250313.62217499883,3688303.4064489854,0.17913422701077955,250312.31176154764,3688304.824212278,0.028367848640011545
439,250313.34747041223,3688303.114487652,0.07945572271259503,250312.0719730305,3688304.5027517783,0.25652927812215337
440,250313.0717052923,3688302.823552827,0.3435790788556566,250311.8159166541,3688304.194129978,0.14998145657180337
441,250312.78810163823,3688302.540285905,0.2137814773642985,250311.54827344968,3688303.8957142117,0.3450031437660907
442,250312.5045105604,3688302.2572376207,0.330960453730528,250311.2856700195,3688303.592735468,0.17394186535304706
443,250312.2395457666,3688301.956322489,0.13394825108818054,250311.021275661,3688303.2915188847,0.8980131093083852
444,250311.97576831328,3688301.6545231333,0.9963779254412881,250310.75122229286,3688302.9956989274,0.10467725448433715
445,250311.69663367656,3688301.3669430595,0.21735957440917425,250310.49973803226,3688302.68326494,0.06366840156279997
446,250311.4155571819,3688301.081093205,0.04505184914671458,250310.24486273463,3688302.3736766265,0.09215817484168926
447,250311.1269525426,3688300.8028630624,0.24187529350735013,250309.98665440016,3688302.0671085804,0.36786289913820297
448,250310.8378158284,3688300.5252989116,0.3962705937023128,250309.73020958813,3688301.758794775,0.20137371753491504
449,250310.55758600292,3688300.23854409,0.5100699587575694,250309.464161013,3688301.458743862,0.15448886327005362
450,250310.28874781006,3688299.941513897,0.17888445963102217,250309.19763221534,3688301.159195339,0.015571406771597362
451,250310.00904225398,3688299.654337135,0.1009269385870733,250308.92601551715,3688300.8645714917,0.5725395144076362
452,250309.73498670297,3688299.3616959197,0.038953161226884886,250308.66928807594,3688300.5564224944,0.2051308093414165
453,250309.463019705,3688299.067177765,0.26540133076204714,250308.41189321462,3688300.2491092845,0.06382837163713945
454,250309.20190697032,3688298.763103863,0.19412419911463097,250308.15549654837,3688299.9408230647,0.08402716276811367
455,250308.92381273338,3688298.4742734553,0.3049327839217756,250307.89975560433,3688299.6319588968,0.023593598680212345
456,250308.64235567645,3688298.188736287,0.15579487090753458,250307.645082366,3688299.3221912207,0.004233695343429536
457,250308.34947255492,3688297.9150363677,0.19604355406863327,250307.39143305452,3688299.0115787666,0.12527504630584918
458,250308.06110839892,3688297.6364946915,0.1838583193598389,250307.14992991884,3688298.691466764,0.1751445505944505
459,250307.77834282705,3688297.35226947,0.06980870083244058,250306.89833387255,3688298.379239585,0.15241495320145185
460,250307.49288199353,3688297.0708089317,0.24816859676169442,250306.64201677367,3688298.070857281,0.19527685455673668
461,250307.2120161264,3688296.7847125367,0.1276203757944953,250306.38485332413,3688297.763161687,0.3494085379708366
462,250306.92131254467,3688296.5086117154,0.057775283799269106,250306.115451107,3688297.466206855,0.016170398059068065
463,250306.63482634298,3688296.2277173083,0.09134432802992622,250305.8520555133,3688297.163809644,0.16284108352133753
464,250306.33781065035,3688295.9601913374,0.20955615058077404,250305.5942829992,3688296.856627962,0.008075395283444163
465,250306.04250490785,3688295.689004526,0.031562283534817714,250305.33352524455,3688296.5519673736,0.15839642511189989
466,250305.75048957247,3688295.4142849892,0.284096885324643,250305.07878582084,3688296.2422829997,0.08878196584588996
467,250305.45390895227,3688295.144518967,0.2701587597380261,250304.81838509167,3688295.9373230925,0.017648212791116218
468,250305.1536847685,3688294.878843649,0.19471752516625046,250304.55299391257,3688295.6366853043,0.11442006549473692
469,250304.85380296357,3688294.6127329622,0.06868758422020915,250304.2916404192,3688295.332549701,0.03065257308556144
470,250304.5552044819,3688294.3451766074,0.046407791421244654,250304.03058446886,3688295.0281449556,0.03280926760048635
471,250304.25771216393,3688294.0764005566,0.08661399903571597,250303.77377022622,3688294.7201493206,0.024335883974837033
472,250303.95675571653,3688293.8115122165,0.05396330126567335,250303.51990250967,3688294.409720767,0.01934106973954071
473,250303.65950804634,3688293.5424988475,0.05481906709961251,250303.26890182262,3688294.096969689,0.00979365106265022
474,250303.3622614443,3688293.27344229,0.04454478294569511,250303.02001646534,3688293.78253356,0.024553828232299995
475,250303.0689759321,3688293.0000796597,0.005016361918123123,250302.77368554348,3688293.466089606,0.02857612229601156
476,250302.77941188432,3688292.72277925,0.0042679748564943285,250302.52930367563,3688293.148138521,0.022208300506591915
477,250302.49312301973,3688292.442094762,0.08910425086081786,250302.28661734835,3688292.828891137,0.013071183347640408
478,250302.21146528635,3688292.1567595187,0.040025843818832986,250302.04531561388,3688292.508598027,0.007699597958427013
479,250301.93399467983,3688291.86735719,0.006328628947550858,250301.80513933967,3688292.1874580826,0.02227770684305187
480,250301.65974765408,3688291.5748981014,0.026740825046173047,250301.56606742318,3688291.865494905,0.014539836557653974
481,250301.38997227795,3688291.278312129,0.012688611498476964,250301.3273700087,3688291.5432538474,0.017360006760488975
482,250301.12330163174,3688290.9789290186,0.0039287509778278195,250301.08936690984,3688291.2204997153,0.024269583871547835
483,250300.86013928815,3688290.6764551545,0.028476310537289107,250300.85140692923,3688290.897713953,0.020095455363591506
484,250300.60033337466,3688290.3710952336,0.025234841050438644,250300.6136242097,3688290.5747979456,0.010441317699806843
485,250300.34289249,3688290.0637377715,0.01394846574720055,250300.3753640002,3688290.25223468,0.043900067199872356
486,250300.08786727188,3688289.754372553,0.04105968301978096,250300.13679137526,3688289.9299025335,0.05072719453071029
487,250299.83512973657,3688289.4431318613,0.06082589714917166,250299.89728538776,3688289.6082616854,0.01823050647414299
488,250299.58373730694,3688289.130805942,0.06680461134968724,250299.65716299205,3688289.287081264,0.02222712342050634
489,250299.33406244856,3688288.81710201,0.012966932635222604,250299.41540423976,3688288.9671312873,0.023240660737149636
490,250299.08442151747,3688288.5033720424,0.012634801616860585,250299.17359243977,3688288.647223722,0.01570247031978028
491,250298.83525588346,3688288.1892654514,0.10953550141706193,250298.92986978352,3688288.3287666067,0.00276913007020722
492,250298.5867371692,3688287.8746466604,0.012404149840762189,250298.68494346284,3688288.0112349256,0.05153063852472098
493,250298.33724541412,3688287.5607982534,0.009366664074366178,250298.43802769802,3688287.6952488665,0.03276292371842184
494,250298.08652025255,3688287.2479352457,0.010471616997254575,250298.18993145434,3688287.3801873894,0.033674095386970714
495,250297.83557250907,3688286.9352505407,0.0938125812755202,250297.9396743044,3688287.0668392302,0.005118316249401244
496,250297.58201379795,3688286.6246789633,0.012356809984839926,250297.68769861976,3688286.7548730248,0.005477216912246997
497,250297.32705876176,3688286.3152534515,0.00016418071269873235,250297.43401252932,3688286.444296178,0.004264479968931687
498,250297.0702455965,3688286.007366385,0.04210370500672355,250297.1777895998,3688286.1358085624,0.03804768319701952
499,250296.8106310017,3688285.701845873,0.018040938191582156,250296.9193729542,3688285.8291542334,0.053977561611897845
500,250296.54181380238,3688285.4046215476,0.3884485811236463,250296.65946065375,3688285.523711668,0.6321091535041172
501,250296.28247002873,3688285.099586453,0.1300052191039379,250296.3915376536,3688285.2263188944,0.48351037281317877
502,250296.01851638002,3688284.7982227863,0.3213921459909004,250296.13336453898,3688284.91959349,0.7814818961607144
503,250295.76069966005,3688284.491536715,0.4801692349852964,250295.86820208962,3688284.6195041016,0.32243344616847636
504,250295.48021019847,3688284.2050977205,0.2938577020851166,250295.59620571826,3688284.3251938066,0.2634173072897499
505,250295.21045510343,3688283.9094500756,0.35024578871303236,250295.31395476844,3688284.0402645264,1.1410355639525862
506,250294.94918826202,3688283.6053849026,0.21634868175739594,250295.05786605357,3688283.7319719736,0.25970815842146466
507,250294.68920384077,3688283.3003752446,0.24589671148451972,250294.80149953737,3688283.4236315754,0.45786572316507307
508,250294.41594279674,3688283.007131583,0.1606677619549858,250294.5260638598,3688283.132224385,0.47905397276281364
509,250294.156720019,3688282.701423058,0.00027135332980114093,250294.26071473866,3688282.8315562033,0.44668139601589074
510,250293.90299796002,3688282.391011468,0.5041995710889218,250294.01000474286,3688282.5185688157,0.20027121218070232
511,250293.64589673947,3688282.0836427473,0.8015746456987,250293.75720792802,3688282.2073690128,0.5672353757714459
512,250293.40668501263,3688281.7619418157,0.7773630859281546,250293.5057080003,3688281.895476381,0.05807359396323232
513,250293.1489597469,3688281.4549180437,0.9572150211596683,250293.25436496132,3688281.5833587674,0.2794164349184602
514,250292.8872093343,3688281.151889296,0.8167677982269987,250292.98940311457,3688281.2829754264,0.6398822960868016
515,250292.63309477456,3688280.842119091,0.6012992086390898,250292.73348964105,3688280.974521979,0.45764367135101014
516,250292.35446187438,3688280.5539225796,0.3583426294607319,250292.47359491565,3688280.6697444064,0.22437964773161004
517,250292.10671509322,3688280.2394505637,0.5989121777374103,250292.2023527449,3688280.375427437,0.40965680811469274
518,250291.83375683523,3688279.9464996834,0.7581074915361403,250291.94907091482,3688280.065520735,0.014662780109500147
519,250291.59131787153,3688279.627070514,0.4422500237271769,250291.69171673417,3688279.758858746,0.10607582915968383
520,250291.32432615414,3688279.3280496732,0.4782019272463122,250291.43396483536,3688279.4521188037,0.15319030171278383
521,250291.08636305996,3688279.005229706,0.44572017289165844,250291.18353010365,3688279.1394178737,0.03379957902941196
522,250290.81447164994,3688278.7111604945,0.05711940877752528,250290.93078429258,3688278.82884385,0.15922570593372581
523,250290.54517059316,3688278.4155187365,0.25182885615476774,250290.64658705704,3688278.5453927186,0.9476578778130403
524,250290.29300311883,3688278.1042649047,0.17611296262587475,250290.40186462295,3688278.2288038833,0.08669234212995527
525,250290.0296088477,3688277.8027440584,0.6386998202371514,250290.13233176572,3688277.931782076,0.6877009650612625
526,250289.79519523945,3688277.478240416,0.09154505647431654,250289.9009649858,3688277.6046556984,1.0002904051855455
527,250289.5308533585,3688277.1769893966,0.5196432661441586,250289.64445091857,3688277.2966563012,0.8284159337060283
528,250289.26490122493,3688276.8774804794,0.6062904049110776,250289.37988848766,3688276.995757785,1.0868631806629407
529,250289.01444217734,3688276.5647347653,0.18433875192981444,250289.11632557394,3688276.6944089374,0.29880899410950545
530,250288.75003534544,3688276.2633727007,0.6973536407274789,250288.8608156857,3688276.3854164714,0.31904497499990025
531,250288.48581862767,3688275.962595467,1.1346623173111028,250288.60260967544,3688276.078847778,1.377075387760257
532,250288.2295251899,3688275.654732449,0.3852559913039608,250288.33971486473,3688275.777036557,0.8506562856445309
533,250287.9743609226,3688275.34668537,1.4935846663140666,250288.06936097913,3688275.4810906905,1.0500067249309155
534,250287.69958509086,3688275.054846493,1.459863153653006,250287.8092760782,3688275.177094388,0.3881718982002768
535,250287.45217897824,3688274.7406035387,0.9615038741666635,250287.56384061291,3688274.8614374213,1.0656852105930485
536,250287.2061358351,3688274.424083548,0.5519105524245711,250287.3094640486,3688274.5517015583,0.3006154770472506
537,250286.95020500914,3688274.1158283865,0.5419503090856602,250287.05104066615,3688274.245420334,0.3402705877110188
538,250286.70035693233,3688273.802538403,0.5039816486423879,250286.79926314217,3688273.933505997,0.23734483650832716
539,250286.43774341376,3688273.4996181605,0.2567186752874326,250286.543745973,3688273.624673371,0.18055914742573723
540,250286.17819132228,3688273.1941616954,0.18975104601911194,250286.28857954172,3688273.315467871,0.3246140136954108
541,250285.91882275016,3688272.8890302647,0.23989069371651173,250286.02866723243,3688273.010209994,0.5408608092963972
542,250285.66249654436,3688272.5824210024,0.6210272947154503,250285.76502792258,3688272.709675657,0.20515167867731904
543,250285.40414410539,3688272.2762627737,0.10835299065411746,250285.50208682314,3688272.407521187,0.5100066095283692
544,250285.15169048135,3688271.9649626208,0.08192045208289786,250285.25675988165,3688272.090386878,0.05433259332868646
545,250284.89149974205,3688271.6600455227,0.0054372973711699964,250285.00072842246,3688271.781688774,0.2903610922459215
546,250284.62435176398,3688271.3610565844,0.27801304664710474,250284.73346464668,3688271.482774882,0.14037518528883802
547,250284.36600357396,3688271.0546731562,0.31577938229864594,250284.47441579617,3688271.176814384,0.5443909164238254
548,250284.10455634093,3688270.751303907,0.5562622982567239,250284.21736685783,3688270.8692725706,1.0534221448944958
549,250283.85470572946,3688270.438508369,0.19061043249368342,250283.95774308828,3688270.564959551,0.6550998070533941
550,250283.5963199037,3688270.1319449134,0.1499489224206791,250283.6990085034,3688270.2586327246,0.18712977233718717
551,250283.34245579565,3688269.8216988877,0.10123646785111211,250283.4432367079,3688269.94979084,0.3717715745849383
552,250283.09188812188,3688269.508722605,0.13576012123537112,250283.1932492386,3688269.6362497993,0.11613082354139632
553,250282.83672936782,3688269.19967363,0.4228569154438691,250282.944917495,3688269.321374069,0.6318899834170066
554,250282.58076520203,3688268.8911785684,0.03536523186004998,250282.6869293587,3688269.0145209255,0.4382061857576916
555,250282.3150551818,3688268.5909363497,0.10739905435217043,250282.42310904834,3688268.7125107283,0.0188725544842579
556,250282.0636520503,3688268.2790894774,0.10614777593633282,250282.1591620322,3688268.4106858876,0.5948395582276945
557,250281.823252813,3688267.9582281667,0.7824459787864835,250281.92129000236,3688268.0877941097,0.07954274593755113
558,250281.58352859376,3688267.637554553,0.11940790053048847,250281.68891299525,3688267.7612554757,0.7985258927969279
559,250281.3269195858,3688267.3295844267,1.0484494267737967,250281.4315312069,3688267.4535781844,0.032998018680711
560,250281.0674994229,3688267.0252886806,0.7065624808989126,250281.16291004224,3688267.1568649397,0.8830049480230248
561,250280.84367820979,3688266.694198795,2.1639344567091054,250280.92893423064,3688266.8312356924,0.4002991405109745
562,250280.56357533587,3688266.4069847525,0.3274069602650496,250280.671338093,3688266.527757544,0.6102038081795735
563,250280.31369481844,3688266.093463303,0.36572629418793634,250280.4156392522,3688266.219222128,0.13696661725267598
564,250280.04893763797,3688265.792418707,0.15438473144982728,250280.15335397195,3688265.9160528644,0.24731804906270308
565,250279.7788330146,3688265.496596029,0.18673581735277484,250279.8948348177,3688265.60964932,0.554088170515387
566,250279.5142377231,3688265.196220765,0.7053150756910218,250279.61914855742,3688265.3191345646,0.09932905498642045
567,250279.24533288376,3688264.9004122284,0.32051589463122543,250279.34021774266,3688265.0309781325,1.4336964648447001
568,250278.96930895228,3688264.612826774,0.6565677248341124,250279.084178458,3688264.7263755617,0.45856586653696246
569,250278.7096808583,3688264.30708175,0.37519330700065934,250278.81596981452,3688264.4286451754,0.13539237099818566
570,250278.45657148495,3688263.996610145,0.28763462669457623,250278.5632647016,3688264.1174733713,0.6724119538976333
571,250278.1821276487,3688263.7043085378,0.18155147578953545,250278.29001846103,3688263.8241491867,0.21114946145009145
572,250277.93885254714,3688263.3859258294,0.5595376302598698,250278.0300968481,3688263.518921568,0.6701228470447248
573,250277.68292164954,3688263.0775755774,0.46099603923742183,250277.78614953955,3688263.201326013,0.28071673393077606
574,250277.43183170047,3688262.7654522858,0.6316776795601876,250277.53936838204,3688262.885343642,1.019664784815203
575,250277.18571031676,3688262.4491025386,0.668938102987377,250277.28621902497,3688262.574812755,0.392834753343614
576,250276.93922534114,3688262.134342872,0.977269711425405,250277.02637514847,3688262.269655416,1.4292434176868183
577,250276.68777917037,3688261.822129503,0.4510430231667333,250276.7887167752,3688261.9472573986,0.23242769809075173
578,250276.43098491617,3688261.514913461,0.5940672154430567,250276.54131969518,3688261.6318260543,0.7930007961563665
579,250276.17097528986,3688261.209725702,0.20713498338252131,250276.2747886246,3688261.3322655205,0.08926620808346325
580,250275.92171435992,3688260.8956995695,0.1495798953766081,250276.02076737778,3688261.0220206473,0.031618965265985066
581,250275.65731390152,3688260.5944582555,0.20198475195458035,250275.76629798528,3688260.7122250227,0.23338038825985175
582,250275.40034392217,3688260.286829593,0.035082875452094694,250275.50070141014,3688260.411860653,0.15197344466387247
583,250275.15105554133,3688259.973482975,1.3039787998534937,250275.2552851639,3688260.0943965944,0.4459021071622108
584,250274.88866818164,3688259.6734839226,1.3035843449584652,250274.98333651293,3688259.8027909813,0.6919855008276034
585,250274.63323709485,3688259.3654911495,0.8096215774055933,250274.72984393823,3688259.4930616394,0.3098503899771544
586,250274.3782257442,3688259.056579383,0.548372071041896,250274.4775170415,3688259.1819006363,0.06405999883411473
587,250274.12195088086,3688258.748429639,0.5649710867182893,250274.22138507088,3688258.8737719115,0.11627921345201744
588,250273.83913943742,3688258.4643467665,0.35587050227179745,250273.95384462204,3688258.575710735,0.049528107405479825
589,250273.56759012546,3688258.169447366,0.019367277597261822,250273.67753780063,3688258.2853375804,0.30475467520481103
590,250273.30953036956,3688257.8630902898,0.21330970475088679,250273.408147268,3688257.988836701,0.11744750403987389
591,250273.06744431416,3688257.5441424665,0.001512504817508438,250273.16951880913,3688257.6664952734,0.7840920014805066
592,250272.8265040002,3688257.2240527985,0.5278624181685264,250272.91776935698,3688257.3550351327,0.14926872247877163
593,250272.58420210637,3688256.9055568697,0.07226585227322681,250272.672296545,3688257.0380662214,1.049521162617277
594,250272.35080123504,3688256.5797361997,0.08470122399679962,250272.4457718507,3688256.707667929,0.15934097348267418
595,250272.1222436334,3688256.2506317315,0.5426807229172188,250272.20651408582,3688256.3857793664,0.8031508009770899
596,250271.89499186457,3688255.920630683,0.9117110388643104,250271.9799805429,3688256.055321535,1.1225776428898933
597,250271.6569670627,3688255.5989020257,0.6067460929248882,250271.74405261458,3688255.7319662115,1.4909323049696384
598,250271.42958208418,3688255.2691476187,0.6206917813434428,250271.51317548324,3688255.4043858238,1.2705388158870703
599,250271.17760728506,3688254.9578806404,0.03513517318768124,250271.2834207238,3688255.076412267,0.2639370582811511
600,250270.92655228355,3688254.6456987546,0.06188059143986023,250271.0202094085,3688254.7739546625,0.5088843024162707
601,250270.6679944687,3688254.3403899064,0.017258683763288683,250270.7797625623,3688254.453209078,0.8529791175153113
602,250270.42508905486,3688254.023441448,2.2748374659705677,250270.5088421328,3688254.158229704,1.1258745273585153
603,250270.153281072,3688253.728850353,0.3507525536249153,250270.25737699078,3688253.8484036364,0.6670950503687114
604,250269.89813022013,3688253.4198130253,0.5285043275593695,250269.99505086435,3688253.5452384334,0.36414836502631825
605,250269.62221353294,3688253.1292488906,1.1930988176528303,250269.73255401623,3688253.242545628,0.04486960307088837
606,250269.36567536648,3688252.8214303795,0.19867836007175824,250269.47296842287,3688252.9379441896,0.5776375564522428
607,250269.10693500657,3688252.515232492,0.12362009753054502,250269.2077273382,3688252.637229701,0.04353592776627663
608,250268.86047438814,3688252.199171855,0.4648422823846068,250268.95470893197,3688252.326281468,0.164992796748748
609,250268.58971923997,3688251.9037263617,0.39487230727754524,250268.69875229112,3688252.018142122,0.04736768552400678
610,250268.3321273655,3688251.5965203852,0.23269380581298477,250268.43397556385,3688251.7172057377,0.11503757075968826
611,250268.06931256276,3688251.2938960865,0.10328901162131988,250268.16907132385,3688251.416169073,0.38576921212047055
612,250267.8175825339,3688250.9817446168,0.35819901965118384,250267.9166853212,3688251.1046723016,0.15466514016187727
613,250267.5493000607,3688250.6844632644,0.13784757102183318,250267.6513599329,3688250.8044144614,0.6751126001314828
614,250267.28411463462,3688250.3839028203,0.2556972621035905,250267.39241654752,3688250.4985133307,0.2212092895393466
615,250267.02402907363,3688250.078839896,0.024914128605769647,250267.125645724,3688250.199270731,0.10461750267071018
616,250266.77178268504,3688249.7667885027,1.4517910120852515,250266.8682315987,3688249.89185443,0.4564659987473415
617,250266.495970645,3688249.4803147754,0.6002522614833878,250266.58813230437,3688249.6072262,2.7790005831808093
618,250266.2190938465,3688249.1905945754,1.7889474924480704,250266.3327567348,3688249.3000625465,0.07591800084372163
619,250265.97406769264,3688248.8770693815,0.21104851609522476,250266.0859532711,3688248.9869795395,2.5438908065145034
620,250265.72907833065,3688248.563656086,2.2905473936466607,250265.8038857445,3688248.7023743535,2.3229421547091675
621,250265.44232546273,3688248.2848993125,0.10250402226788807,250265.55600948277,3688248.3931195247,0.804363664772681
622,250265.18020246155,3688247.9825212057,1.4042859555984284,250265.27423109728,3688248.1082552145,0.9699386895904871
623,250264.90728421853,3688247.689090057,0.6479876876520063,250265.01020807173,3688247.8074622946,0.6916273144655958
624,250264.61669991093,3688247.4130882667,2.316952756979084,250264.7298617006,3688247.5210421695,0.0565531176722143
625,250264.3716317045,3688247.0968708983,0.2310103988185398,250264.47820602558,3688247.212009814,1.132595728165544
626,250264.1030468988,3688246.799289498,0.6630307408015044,250264.2059259405,3688246.917317469,0.14170322840158817
627,250263.8787594468,3688246.467141198,0.6719399051773494,250263.9644284019,3688246.5979578556,0.020630651287121073
628,250263.63554818762,3688246.148423398,0.5611968100614391,250263.7317043548,3688246.271666447,0.08891153674244683
629,250263.39275206163,3688245.830517703,1.398761849901033,250263.48450594753,3688245.9563799705,0.06824881498450427
630,250263.1120654965,3688245.544199407,0.6647593504391202,250263.22245274365,3688245.654288515,0.17701387933968737
631,250262.83070413885,3688245.2601768905,0.842601246078017,250262.9379722751,3688245.373152778,0.12228319240551046
632,250262.55562162388,3688244.97011908,0.6294751407541026,250262.65658523378,3688245.08929902,0.21070817722737797
633,250262.27365406125,3688244.6850412106,0.17889628519580575,250262.3835621594,3688244.7956950227,0.0741814497303259
634,250261.9831748958,3688244.40867022,0.07754823131490111,250262.09650197317,3688244.5157424887,0.05033039786143213
635,250261.6924283471,3688244.1327184,0.16516816882904506,250261.8073729998,3688244.2378563164,0.28068920715881535
636,250261.40027877182,3688243.8583972515,0.28460378953349647,250261.5089074656,3688243.9700246807,0.5783570713328071
637,250261.10659168055,3688243.5856971773,0.06948070774602418,250261.22011085626,3688243.692188266,0.3734998396367962
638,250260.82062487717,3688243.304611114,0.7301805568267393,250260.93056243207,3688243.414763828,0.3095189252537151
639,250260.53154697726,3688243.0282217115,0.8249302260348365,250260.6342075275,3688243.145019021,1.7543935909925599
640,250260.24232047508,3688242.750795947,0.21372599465141948,250260.35271877405,3688242.8601717623,0.697873985105672
641,250259.94925878293,3688242.4771790346,0.6774860008732378,250260.06324617614,3688242.5826832317,0.01623566452018075
642,250259.6743763211,3688242.185374804,0.03198952154439504,250259.7824501594,3688242.2968071224,0.3033837018713498
643,250259.37959971273,3688241.9138798933,1.761653741873426,250259.4956694382,3688242.016607292,0.24841063534672578
644,250259.10284988768,3688241.624885568,1.5895141468454832,250259.2171854953,3688241.729590073,0.8766022195554549
645,250258.84331037223,3688241.3193265772,0.18198076224163584,250258.94734717894,3688241.434181899,0.48076746370744994
646,250258.57746358152,3688241.0191896274,0.07784473163147031,250258.68100536673,3688241.1344113974,0.09753202200039353
647,250258.31974029896,3688240.7125320924,0.9319094971265904,250258.4191060029,3688240.830852637,0.12851239219863986
648,250258.05635229318,3688240.4112627585,0.6932226648459906,250258.15168729515,3688240.5332033616,0.3905742880660902
649,250257.78701356752,3688240.114306307,0.30304200139520426,250257.8918321675,3688240.2278694944,0.13212944715009983
650,250257.51375388206,3688239.8211848615,0.2797911430719022,250257.6190067503,3688239.9342414658,0.1783599108501487
651,250257.242664775,3688239.5263834274,0.38505465100902525,250257.3473061876,3688239.639745201,0.30203622368561905
652,250256.9738412066,3688239.229683327,0.4745408237698179,250257.07540288655,3688239.3457830907,0.13775248844148305
653,250256.69498328117,3688238.9416230693,0.1062270927509103,250256.8028609348,3688239.0518451114,0.206537917009834
654,250256.41759998992,3688238.6522394223,0.1986638755565718,250256.52323843597,3688238.764585677,0.05927285979601396
655,250256.13788860096,3688238.3650455587,0.04935788130608884,250256.2434187817,3688238.477349691,0.25821638260049634
656,250255.86261012784,3688238.073618306,0.024020836798610355,250255.96703570243,3688238.1868109573,0.25596887796134626
657,250255.60201732602,3688237.769212155,0.14900808486978173,250255.69734958964,3688237.89001157,0.5386182010704017
658,250255.34911364884,3688237.458350431,0.15623400674672433,250255.45126478237,3688237.5733913924,0.5413617468174188
659,250255.09138628878,3688237.151251947,0.0945201049954159,250255.1898938171,3688237.2693517087,0.12698442671795596
660,250254.8255937164,3688236.8510010727,0.8066669803818028,250254.92863739625,3688236.9651500564,0.2626083830311991
661,250254.57207053227,3688236.5413080724,0.48705335658959564,250254.67736801013,3688236.653157135,1.3029827766604318
662,250254.2961355895,3688236.250499263,1.7244794332542965,250254.40627263545,3688236.3576501035,0.8711514513274669
663,250254.03325019198,3688235.9501552274,1.7015310132584396,250254.14690218397,3688236.053568096,1.9446894127265892
664,250253.7723720976,3688235.6462225663,0.08363080562299612,250253.8780986801,3688235.7573857573,0.9365025433585566
665,250253.51069163048,3688235.3431139095,0.7404175062514434,250253.6040532262,3688235.464728355,0.5929673250697068
666,250253.24480882988,3688235.043075287,1.0694542614572031,250253.34464707848,3688235.1591076273,0.2408748700096411
667,250253.00975970432,3688234.7184359906,0.21073824445357509,250253.10448359957,3688234.838757245,0.5094859176910197
668,250252.77046429584,3688234.397120254,0.13679593350540722,250252.85627432165,3688234.5239405506,0.41850945871800754
669,250252.56752397984,3688234.05181924,0.5756085615900576,250252.63926803708,3688234.186924275,0.35472498795106877
670,250252.37275157997,3688233.7015946894,0.3377574720767337,250252.44126390028,3688233.8382533137,0.44845244222094927
671,250252.20844967998,3688233.3356378265,0.2405663340486621,250252.2724665355,3688233.4747146503,0.13041195145815598
672,250252.10554496874,3688232.949957766,0.5814902996508315,250252.1332022364,3688233.1004551784,0.4333982664306551
673,250252.04329274554,3688232.554680432,0.15798813528607042,250252.05781178697,3688232.7068402814,0.41879562109023094
674,250252.03016332778,3688232.1546177818,0.7446033239714934,250252.02393246169,3688232.3072411334,0.6280248552388271
675,250252.11412946516,3688231.763076152,0.3963005273758658,250252.07865188565,3688231.911273371,0.06339163619353116
676,250252.19473813925,3688231.369968464,0.5617293023644471,250252.1626411749,3688231.519386002,0.025117565311088955
677,250252.34409572984,3688230.999287293,0.99277552881678,250252.28256092893,3688231.138622269,0.15053743234374972
678,250252.47037761955,3688230.620294093,0.12642549964825647,250252.40811431885,3688230.75824055,1.5174017885764124
679,250252.6157614767,3688230.2471528095,0.7193193017977848,250252.5655897897,3688230.3909688517,0.12453200064213166
680,250252.81720269498,3688229.9012878616,0.7777555036906523,250252.73078090817,3688230.026698241,0.7077200632583688
681,250253.014288688,3688229.553554193,0.493102452232393,250252.930980316,3688229.6802290585,1.3990571082742402
682,250253.24724598476,3688229.226969807,1.08077510901801,250253.16448976652,3688229.3544974714,0.7077796755823283
683,250253.48835033382,3688228.9089876455,0.6775609967853832,250253.41078660468,3688229.0392260407,2.338443025697878
684,250253.73114276165,3688228.5903406087,0.1789381700198289,250253.63765052627,3688228.709761926,0.5979202719536221
685,250253.98732669084,3688228.2820405066,0.17127128639403047,250253.8895885122,3688228.3978298204,0.06697106406999204
686,250254.2807788251,3688228.010165733,1.4082977183403482,250254.16150206843,3688228.103675505,0.9832160313837144
687,250254.57980861329,3688227.7447932656,0.830632997323163,250254.4578122636,3688227.8347033923,1.3901045792558253
688,250254.88531814585,3688227.4851704314,0.09315261133229567,250254.76926331618,3688227.582251963,0.2706466905325638
689,250255.1987514569,3688227.2351802895,0.7978615212814855,250255.08120074053,3688227.330246309,0.07108891570180864
690,250255.50331484232,3688226.974886609,0.19096714272035023,250255.38378463165,3688227.067527362,0.5128221493008484
691,250255.8277305348,3688226.739532894,0.12234616289370828,250255.70178185112,3688226.8232306475,0.3910202468919149
692,250256.13662393257,3688226.4859496206,1.3706801955879397,250256.0265718046,3688226.5891956952,0.4551685432112019
693,250256.4599758635,3688226.2490376574,0.4928685200724728,250256.34295306006,3688226.3441218385,0.6212780436567021
694,250256.77589524933,3688226.003438658,0.9081635332530933,250256.653382053,3688226.091182354,0.17224713631056537
695,250257.08879466637,3688225.7531743296,0.6890761967407937,250256.96929533657,3688225.844810481,0.06263563847197114
696,250257.38602902592,3688225.4838848705,0.1245612242669293,250257.27410870825,3688225.5847534854,0.02641935165572327
697,250257.70148696023,3688225.236889904,0.37082502045196136,250257.58058422912,3688225.326637173,0.07181066900648143
698,250258.00683891022,3688224.977092178,0.03002753165859314,250257.8936897507,3688225.076255338,0.10310493445795026
699,250258.3171658106,3688224.723362379,0.18000258939751723,250258.1979347798,3688224.815065615,0.27319671111326754
700,250258.62865433033,3688224.471420722,0.0354001419620931,250258.50840591537,3688224.5614030147,0.7329472173648167
701,250258.92602559167,3688224.203566476,0.6315896959418134,250258.82042203782,3688224.3108308064,0.28984522510306865
702,250259.22680030324,3688223.939905003,0.280276911971341,250259.12048341983,3688224.0453423494,1.154523731784811
703,250259.5106985288,3688223.656844609,0.188007805482236,250259.40056728217,3688223.7586996416,0.2718547806203843
704,250259.80716373379,3688223.38725954,0.4160922467249519,250259.69155108594,3688223.4827515897,0.8153573047392317
705,250260.1053848867,3688223.119661735,0.4321269997102571,250259.99028209253,3688223.215656098,0.9556326761104036
706,250260.39990481202,3688222.847989753,0.4835833717743186,250260.2869312042,3688222.9463402526,0.7457457171718327
707,250260.71696593426,3688222.60239596,0.9501370461886977,250260.6002371496,3688222.6963001564,0.5678188135380099
708,250261.0441428858,3688222.371880732,1.1326637191474094,250260.92851882038,3688222.4670220455,1.5931872665484355
709,250261.38843620612,3688222.167086038,0.1173080237907576,250261.2597942789,3688222.2432335448,0.5057187142121089
710,250261.74584478533,3688221.986185409,0.5053915148701692,250261.60940486344,3688222.047146244,0.48905611279838573
711,250262.1149171086,3688221.831238552,0.1547751238220928,250261.97323225168,3688221.878790694,0.8552844223580108
712,250262.50643352364,3688221.747290634,0.21283636118599072,250262.35875727842,3688221.7695773235,0.5610013543421308
713,250262.9058153257,3688221.7176292106,1.6367330306093764,250262.75664300087,3688221.7217750135,0.44135545250634434
714,250263.30384913427,3688221.7187250494,1.6857754960856095,250263.15555367278,3688221.698098161,1.3585545792732905
715,250263.69906317626,3688221.7744553513,1.6928901510442549,250263.55387294895,3688221.7389322678,0.9815450134802478
716,250264.08024470645,3688221.885790071,1.1512464884048317,250263.94473264393,3688221.821869402,1.4469821740147046
717,250264.4587430249,3688222.017731468,0.6772724118093832,250264.31934709082,3688221.965801407,0.35207777630535825
718,250264.82125764815,3688222.1890235925,0.5091710993729687,250264.68554193812,3688222.1282409923,0.30678271156504106
719,250265.1816570651,3688222.362939358,0.9080512766416161,250265.05066449137,3688222.2928197198,0.2008438504296548
720,250265.54143886035,3688222.5390701126,0.03629806838122397,250265.41174034576,3688222.4663311336,0.45979597397488503
721,250265.8876951184,3688222.741131522,0.2640091561783696,250265.76064396917,3688222.6641685143,0.1413612241464405
722,250266.20917306878,3688222.980134861,0.2788576817206209,250266.0944600536,3688222.8858589847,0.35004736227177746
723,250266.49356267706,3688223.26232984,0.22809915484871107,250266.3933815293,3688223.1528416565,0.39688500853075515
724,250266.77321180518,3688223.54846294,0.38395648186723264,250266.67598310424,3688223.4372838163,0.9683444917567947
725,250267.04845742133,3688223.838865084,0.4054211860270703,250266.941294811,3688223.736331521,0.030464320461992492
726,250267.32127531685,3688224.1326896334,0.020119091083328496,250267.22072484714,3688224.0239824597,0.003672039917276725
727,250267.59109330102,3688224.4292467125,0.06541184696875438,250267.4920984647,3688224.319264117,0.04771119566704327
728,250267.85358875012,3688224.7322682682,0.061765150538032824,250267.75780690255,3688224.6195807434,0.06822091879655731
729,250268.1085691516,3688225.0417413497,0.042234378024734134,250268.0155289898,3688224.92685338,0.05119187767525177
730,250268.35808612854,3688225.3556200806,0.036855336899673165,250268.26688470566,3688225.239387885,0.03960810522428731
731,250268.60290839136,3688225.6731224237,0.03555689520739484,250268.5131602061,3688225.55588537,0.035775414367364596
732,250268.84325518453,3688225.994024397,0.028611914772049836,250268.75486980603,3688225.8758694925,0.030270282344893727
733,250269.0799146878,3688226.3176729716,0.020208428339112936,250268.9926980001,3688226.1987603195,0.022580742908625273
734,250269.31391808562,3688226.6432396793,0.013400531266058216,250269.227590936,3688226.523793145,0.015277137878969206
735,250269.54616550982,3688226.9700547582,0.006975875345135306,250269.4604814076,3688226.850255379,0.008417493969886876
736,250269.77751906533,3688227.2975045787,0.0008817915944920112,250269.69227321466,3688227.1775021306,0.0009962547342959507
737,250270.00898817013,3688227.6248717112,0.009080759021710549,250269.92393672635,3688227.5048380774,0.007001702682230068
738,250270.24161087003,3688227.9514180785,0.014723543441448777,250270.15650045488,3688227.831522049,0.013106137436895567
739,250270.47615936885,3688228.2765897918,0.019728963775828456,250270.39077432742,3688228.156990721,0.017556416132748203
740,250270.71330979813,3688228.5998881888,0.02682505759353799,250270.62740795626,3688228.480803597,0.02837603026033024
741,250270.9539151066,3688228.920604393,0.03450589646445552,250270.86770962068,3688228.801865106,0.04373069319180585
742,250271.19877485046,3688229.238046132,0.030700601956454902,250271.1132795329,3688229.118767414,0.03088857516210007
743,250271.44754442602,3688229.5524861766,0.02325610956995937,250271.36279117977,3688229.4327302123,0.002862992286550039
744,250271.6996405823,3688229.86437738,0.048219814852226046,250271.6140172375,3688229.7457423564,0.0783895195904689
745,250271.9576918552,3688230.1712587974,0.0858818869677768,250271.87479980104,3688230.050373123,0.19341741988340233
746,250272.22417110112,3688230.470791799,0.13525262706115868,250272.15052790355,3688230.341505102,0.3309543536171667
747,250272.49498574933,3688230.766365635,0.28370794634515994,250272.43229502745,3688230.626750941,0.35037094322364093
748,250272.76131378525,3688231.0660259,0.0778837409157753,250272.71819500657,3688230.9079632936,0.15187713731260227
749,250273.0313764194,3688231.362359949,0.07167022611480586,250272.99974141977,3688231.193502496,0.014128817312014054
750,250273.29475970176,3688231.6646426404,0.04465555275984161,250273.29030328756,3688231.4698633403,0.2558334938621937
751,250273.55976975764,3688231.9655005224,0.014634385108279923,250273.58568065334,3688231.7409166475,0.09219464631818694
752,250273.82763242064,3688232.2638266576,0.032190464857810595,250273.88290152198,3688232.0100928326,0.028361878474103888
753,250274.09231958791,3688232.564954794,0.19432110782199927,250274.1777635389,3688232.281879891,0.37414754671757866
754,250274.3644457672,3688232.8593984144,0.07118319224189645,250274.4862964319,3688232.538018894,0.18449326330879848
755,250274.63187179103,3688233.1580910194,0.02786309053640382,250274.79280098865,3688232.7965962454,0.022084913497082956
756,250274.89435033855,3688233.4611594975,0.02013121636069179,250275.10108826222,3688233.0530582503,0.04045525510022996
757,250275.15412184177,3688233.7665520427,0.00320738689964562,250275.41415036135,3688233.3036487224,0.06102639510945085
758,250275.41544258164,3688234.0706145815,0.11424986751210627,250275.73014889463,3688233.550441643,0.08541851432933224
759,250275.68455484652,3688234.3678106125,0.04147509638267334,250276.04773821039,3688233.7952746665,0.2658846816636098
760,250275.94960921092,3688234.6686248938,0.10064817843132386,250276.36254100644,3688234.04365627,0.01059642009129285
761,250276.2103805658,3688234.9731553975,0.00974502872810559,250276.67868362422,3688234.2901672483,0.4291782276641488
762,250276.47205514112,3688235.2769179163,0.009798984065273915,250276.99536750212,3688234.536128297,0.4155378959345572
763,250276.7313914946,3688235.5826803497,0.020500820755952057,250277.30589805648,3688234.789825403,0.02615320291440512
764,250276.98913734365,3688235.8897874835,0.047702795569816395,250277.61016416055,3688235.0510414285,0.12687863485807652
765,250277.24942134976,3688236.194744537,0.0003245152615351984,250277.90578726432,3688235.3219547886,0.4362651475154386
766,250277.5086460658,3688236.5006036204,0.1354246306383967,250278.19717774438,3688235.5966360252,0.6244233549016167
767,250277.7647113159,3688236.8090764713,0.11516011087921263,250278.4860725467,3688235.8746580295,0.18957916396990848
768,250278.0306075717,3688237.109174423,0.09631291086815183,250278.77457785688,3688236.1531005227,0.43059009346088356
769,250278.2910287974,3688237.414013415,0.015869870926852086,250279.0490328396,3688236.445405358,0.20214228717257582
770,250278.54797966772,3688237.721781838,0.07416080897036548,250279.33185292094,3688236.7297211755,0.6106067440518588
771,250278.8001292665,3688238.033493618,0.031665691383606705,250279.62337930663,3688237.0049306746,0.20208358759025724
772,250279.05419262603,3688238.34367309,0.2005984050722467,250279.89564989068,3688237.299296973,0.15618784991193393
773,250279.31536764844,3688238.6478026174,0.25830777493043816,250280.17016010254,3688237.5912106074,0.048484376676133666
774,250279.57325186627,3688238.9545270847,0.20630518360744754,250280.45458931103,3688237.8737696786,0.09418361127417389
775,250279.82571932505,3688239.2657729695,0.458671505934034,250280.73007112497,3688238.1651787474,0.1371526595643011
776,250280.08720132735,3688239.569682136,0.022964574870944027,250280.9997607423,3688238.4619588517,0.09066543727129321
777,250280.34794592558,3688239.8741951752,0.11589073275524377,250281.27171715314,3688238.7566656955,0.05115032272272189
778,250280.60988681202,3688240.1777435225,0.031329966384866396,250281.5412039367,3688239.053619382,0.29888273327435905
779,250280.86576123917,3688240.4863482,0.018141108212035212,250281.823195728,3688239.338681966,0.10815789272499211
780,250281.11813560087,3688240.7978872648,0.008460009210065114,250282.0954926348,3688239.6330521763,0.05753596165412516
781,250281.37058643662,3688241.109362355,0.023049128668473945,250282.356499301,3688239.937483999,0.1108308748387185
782,250281.6236241774,3688241.4203587235,0.07300493833891805,250282.62770820496,3688240.2327534882,0.41947191834221653
783,250281.87001141976,3688241.7366385977,0.04789022207803715,250282.89949179126,3688240.5274995863,0.3284409715494674
784,250282.11263483632,3688242.055828061,0.1693042910823506,250283.16947168094,3688240.8240322084,0.04510707389200271
785,250282.36248489845,3688242.369389075,0.006561962511999515,250283.44828400397,3688241.1121669495,0.18048080369643102
786,250282.61308799463,3688242.682339412,0.1771363278102158,250283.7273475469,3688241.400153022,0.21311141234819395
787,250282.8567819926,3688243.0007138154,0.02975281369637178,250283.994704309,3688241.699034951,0.025898472005754573
788,250283.10189759228,3688243.317984784,0.000449730485936311,250284.26135727737,3688241.998553479,0.017147827622993654
789,250283.34954008088,3688243.6332924454,0.043069330244416094,250284.52739415644,3688242.2986117606,0.12848642866506382
790,250283.60135939345,3688243.9452774343,0.0026042026006234628,250284.78112671577,3688242.609132485,0.10839912719689924
791,250283.85256301163,3688244.2577544563,0.06585854895103585,250285.04125713347,3688242.914299391,0.03159978904111428
792,250284.0971146447,3688244.5754649765,0.003986371611873598,250285.30383178766,3688243.2173920963,0.1524694028639546
793,250284.34041639295,3688244.894136383,0.019499839109339983,250285.55844550938,3688243.527214118,0.06546970064034642
794,250284.5818068315,3688245.21426184,0.0815586173707402,250285.8181298442,3688243.832785259,0.09485511590820365
795,250284.82793426877,3688245.530751565,0.058013527448598994,250286.08372904581,3688244.1332428763,0.05670355977822701
796,250285.06956522,3688245.850677048,0.045066815913984086,250286.34216279842,3688244.439857051,0.030575459245265647
797,250285.3131954414,3688246.1690895422,0.01400526338319053,250286.5956864126,3688244.750569175,0.0396910690593744
798,250285.55912955897,3688246.485732116,0.1038972312143445,250286.8454067742,3688245.064318092,0.21684259809522824
799,250285.80552303122,3688246.8019775786,0.0774155366830862,250287.10010404192,3688245.3740433124,0.11286300863070002
800,250286.04781556173,3688247.1214109263,0.1414681331863081,250287.34931693628,3688245.688196249,0.06296237154964467
801,250286.29725612115,3688247.4352782294,0.009672615115561575,250287.60591798252,3688245.9963773065,0.0032714705578374926
802,250286.5481780409,3688247.747953414,0.05387466340885434,250287.85690005156,3688246.3090794515,0.22290185894535808
803,250286.80484252778,3688248.056002626,0.4190453476270966,250288.1142722407,3688246.616622511,0.04191210459662973
804,250287.07367709928,3688248.3532894757,0.07612332111081647,250288.37460574138,3688246.921644574,0.03344624235173292
805,250287.33540789838,3688248.657008764,0.13734008002889223,250288.65153543904,3688247.211427989,0.3212093737276753
806,250287.60002468017,3688248.958133287,0.13779350639173948,250288.92199156203,3688247.5075364015,0.01183309781963431
807,250287.8702482266,3688249.25420019,0.20719179607021576,250289.1972210985,3688247.7991254353,0.06915088388245218
808,250288.12328267764,3688249.565194041,0.04226040250386835,250289.47212507817,3688248.090931221,0.13785976292915722
809,250288.38310219254,3688249.870474342,0.3339045519454243,250289.73114051577,3688248.397093805,0.12500790745403165
810,250288.6510044821,3688250.168588472,0.13691533302781284,250290.00283183233,3688248.6919514053,0.17261754667433807
811,250288.9223249874,3688250.463618978,0.06589848801478736,250290.27106198578,3688248.9900092324,0.27518688860671037
812,250289.2018830048,3688250.7510653394,0.6261850286151314,250290.55301194722,3688249.275223083,0.10862012180201445
813,250289.46646692284,3688251.052134455,0.6007010324066563,250290.82308780515,3688249.571547378,0.08577775329151119
814,250289.72024965714,3688251.3624304677,0.11021978805658654,250291.0865494984,3688249.8737977343,0.15239005668049221
815,250289.97016952094,3688251.67595653,0.5086791068710564,250291.34037729673,3688250.184244089,0.13061759126719832
816,250290.235219256,3688251.9767015083,0.18629008554624035,250291.59462751469,3688250.494282703,0.15968881837099433
817,250290.49358928943,3688252.2832153444,0.18268738488992167,250291.85564937704,3688250.7986721825,0.065476569384424
818,250290.75387880785,3688252.5881647044,0.3663344186682751,250292.1153764246,3688251.1042187186,0.03670032069216272
819,250291.0204163618,3688252.8874961003,0.5530577068563628,250292.38181332583,3688251.403875091,0.09842131971415483
820,250291.29380498867,3688253.180706748,0.1954223285328155,250292.65001376544,3688251.701991896,0.04277723547921341
821,250291.56802908945,3688253.4731739503,0.040497946712777025,250292.9245746942,3688251.994272984,0.045968790909297286
822,250291.8351080132,3688253.7721909005,0.4765464556806897,250293.19475432765,3688252.290597174,0.0021685428492055144
823,250292.11708924168,3688254.0571684926,0.07282190891463688,250293.4701050053,3688252.5819962244,0.039858180236986236
824,250292.40247047594,3688254.338780379,0.18794139644700739,250293.75521972793,3688252.863995471,0.027050785401845
825,250292.6808162837,3688254.627351558,0.31878101953182747,250294.03556281034,3688253.150701258,0.030818291251608756
826,250292.95272539585,3688254.921959627,0.46462985239453625,250294.30865879118,3688253.4443402514,0.008078509701660677
827,250293.20670628076,3688255.232119506,0.18399340013757423,250294.5756555334,3688253.7434923663,0.1828920229000428
828,250293.46172801685,3688255.541480493,0.047641176693279455,250294.82816400836,3688254.05502309,0.06909922241089173
829,250293.71495754705,3688255.852312499,0.07393711286868151,250295.0823526333,3688254.3651861288,0.021835423377834867
830,250293.969681077,3688256.1619242425,0.03339044321308539,250295.3362533328,3688254.6755879424,0.017836791408079325
831,250294.21845788695,3688256.4762230776,0.048981299875376035,250295.59175561063,3688254.9846685417,0.06335101051722339
832,250294.45930537628,3688256.79673113,0.20850048980407027,250295.83746927558,3688255.301497275,0.06378457432748626
833,250294.70482742516,3688257.113593684,0.15522281212200553,250296.07904352943,3688255.6215080917,0.1619938277003073
834,250294.94309113076,3688257.435956811,0.04285522478051709,250296.32483775308,3688255.937860497,0.20790857207216093
835,250295.1931606194,3688257.7493269113,0.16083880058894823,250296.56269173406,3688256.2603640766,0.05115964709337739
836,250295.45433512417,3688258.05352348,0.2574963296985517,250296.81646885208,3688256.5707825627,0.07457856126731689
837,250295.7214957539,3688258.3524729856,0.6336430950499249,250297.08072693172,3688256.8724208525,0.1032093324152199
838,250295.9934575223,3688258.646701415,0.3713176129760614,250297.35501059916,3688257.1649524635,0.26935096524942076
839,250296.26083581414,3688258.9446321786,0.9772421534106289,250297.61586011417,3688257.469453999,0.14832516234421508
840,250296.5258867978,3688259.245357998,0.03337920713062946,250297.88761393697,3688257.764345905,0.041694829738272786
841,250296.8013639089,3688259.536659435,0.02733017068553602,250298.1630071046,3688258.055848855,0.014374777643630458
842,250297.07893577605,3688259.8259691936,0.024221646832297678,250298.43979428636,3688258.3460284797,0.002280979906691674
843,250297.35679999995,3688260.1149999993,0.016442541079094174,250298.71679999988,3688258.635999998,0.004480895457891236
